-- MySQL dump 10.13  Distrib 8.0.23, for Linux (x86_64)
--
-- Host: localhost    Database: sisprotocolo
-- ------------------------------------------------------
-- Server version	8.0.16

/*!40101 SET @OLD_CHARACTER_SET_CLIENT=@@CHARACTER_SET_CLIENT */;
/*!40101 SET @OLD_CHARACTER_SET_RESULTS=@@CHARACTER_SET_RESULTS */;
/*!40101 SET @OLD_COLLATION_CONNECTION=@@COLLATION_CONNECTION */;
/*!50503 SET NAMES utf8 */;
/*!40103 SET @OLD_TIME_ZONE=@@TIME_ZONE */;
/*!40103 SET TIME_ZONE='+00:00' */;
/*!40014 SET @OLD_UNIQUE_CHECKS=@@UNIQUE_CHECKS, UNIQUE_CHECKS=0 */;
/*!40014 SET @OLD_FOREIGN_KEY_CHECKS=@@FOREIGN_KEY_CHECKS, FOREIGN_KEY_CHECKS=0 */;
/*!40101 SET @OLD_SQL_MODE=@@SQL_MODE, SQL_MODE='NO_AUTO_VALUE_ON_ZERO' */;
/*!40111 SET @OLD_SQL_NOTES=@@SQL_NOTES, SQL_NOTES=0 */;

--
-- Table structure for table `biddings`
--

DROP TABLE IF EXISTS `biddings`;
/*!40101 SET @saved_cs_client     = @@character_set_client */;
/*!50503 SET character_set_client = utf8mb4 */;
CREATE TABLE `biddings` (
  `id` int(11) NOT NULL AUTO_INCREMENT,
  `number` varchar(10) NOT NULL,
  `uasg` int(6) NOT NULL,
  `uasg_name` varchar(100) NOT NULL,
  `description` varchar(30) DEFAULT NULL,
  `validate` date NOT NULL,
  `created_at` date NOT NULL,
  PRIMARY KEY (`id`),
  UNIQUE KEY `number_UNIQUE` (`number`)
) ENGINE=InnoDB AUTO_INCREMENT=15 DEFAULT CHARSET=utf8mb4 COLLATE=utf8mb4_0900_ai_ci COMMENT='Licitações do sistema';
/*!40101 SET character_set_client = @saved_cs_client */;

--
-- Dumping data for table `biddings`
--

LOCK TABLES `biddings` WRITE;
/*!40000 ALTER TABLE `biddings` DISABLE KEYS */;
INSERT INTO `biddings` VALUES (1,'05003/2020',771300,'CENTRO DE OBTENÇÃO DA MARINHA NO RIO DE JANEIRO','PESCADO','2022-08-02','2020-03-25'),(2,'05017/2019',771300,'CENTRO DE OBTENÇÃO DA MARINHA NO RIO DE JANEIRO','EMBUTIDOS','2022-03-10','2020-03-30'),(3,'05006/2020',771300,'CENTRO DE OBTENÇÃO DA MARINHA NO RIO DE JANEIRO','DIVERSOS','2022-12-14','2020-04-01'),(4,'05016/2019',771300,'CENTRO DE OBTENÇÃO DA MARINHA NO RIO DE JANEIRO','LATICÍNIOS','2023-01-22','2020-04-01'),(5,'05031/2019',771300,'CENTRO DE OBTENÇÃO DA MARINHA NO RIO DE JANEIRO','PÃO','2022-06-16','2020-04-30'),(6,'05002/2021',771300,'CENTRO DE OBTENÇÃO DA MARINHA NO RIO DE JANEIRO','ÁGUA','2022-05-28','2020-07-06'),(7,'05007/2020',771300,'CENTRO DE OBTENÇÃO DA MARINHA NO RIO DE JANEIRO','HORTIFRUTIGRANJEIROS','2022-09-10','2020-07-24'),(8,'05011/2020',771300,'CENTRO DE OBTENÇÃO DA MARINHA NO RIO DE JANEIRO','IOGURTE','2023-07-15','2020-07-24'),(9,'05005/2020',771300,'CENTRO DE OBTENÇÃO DA MARINHA NO RIO DE JANEIRO ','LATICÍNIOS','2023-01-29','2021-02-01'),(10,'00026/2020',771000,'DIRETORIA DE ABASTECIMENTO DA MARINHA','DIVERSOS','2023-02-02','2021-03-09'),(11,'05004/2020',771300,'CENTRO DE OBTENÇÃO DA MARINHA NO RIO DE JANEIRO ','EMBUTIDOS','2023-03-10','2021-03-17'),(12,'05018/2020',771300,'CENTRO DE OBTENÇÃO DA MARINHA NO RIO DE JANEIRO','PÃO ','2023-04-29','2021-04-26'),(13,'05007/2021',771300,'CENTRO DE OBTENÇÃO DA MARINHA NO RIO DE JANEIRO','HORTIFRUTEGRANJEIROS','2023-06-17','2021-06-22'),(14,'05003/2021',771300,'CENTRO DE OBTENÇÃO DA MARINHA NO RIO DE JANEIRO','PESCADO','2023-08-19','2021-08-26');
/*!40000 ALTER TABLE `biddings` ENABLE KEYS */;
UNLOCK TABLES;

--
-- Table structure for table `biddings_items`
--

DROP TABLE IF EXISTS `biddings_items`;
/*!40101 SET @saved_cs_client     = @@character_set_client */;
/*!50503 SET character_set_client = utf8mb4 */;
CREATE TABLE `biddings_items` (
  `id` int(11) NOT NULL AUTO_INCREMENT,
  `biddings_id` int(11) NOT NULL,
  `suppliers_id` int(11) NOT NULL,
  `number` int(5) NOT NULL,
  `name` varchar(256) NOT NULL,
  `uf` varchar(4) NOT NULL,
  `value` float(9,2) NOT NULL,
  `active` varchar(3) NOT NULL DEFAULT 'yes',
  PRIMARY KEY (`id`),
  KEY `fk_biddings_items_biddings1_idx` (`biddings_id`),
  KEY `fk_biddings_items_suppliers1_idx` (`suppliers_id`),
  CONSTRAINT `fk_biddings_items_biddings1` FOREIGN KEY (`biddings_id`) REFERENCES `biddings` (`id`) ON DELETE CASCADE,
  CONSTRAINT `fk_biddings_items_suppliers1` FOREIGN KEY (`suppliers_id`) REFERENCES `suppliers` (`id`) ON DELETE CASCADE
) ENGINE=InnoDB AUTO_INCREMENT=3 DEFAULT CHARSET=utf8mb4 COLLATE=utf8mb4_0900_ai_ci COMMENT='Itens das Licitações Registradas no Sistema';
/*!40101 SET character_set_client = @saved_cs_client */;

--
-- Dumping data for table `biddings_items`
--

LOCK TABLES `biddings_items` WRITE;
/*!40000 ALTER TABLE `biddings_items` DISABLE KEYS */;
INSERT INTO `biddings_items` VALUES (1,14,52,2,'ABÓBORA PESCOÇO OU BRANCA','KG',1.37,'yes'),(2,14,1,5,'Pao Doce','UN',1.50,'yes');
/*!40000 ALTER TABLE `biddings_items` ENABLE KEYS */;
UNLOCK TABLES;

--
-- Table structure for table `biddings_items_oms`
--

DROP TABLE IF EXISTS `biddings_items_oms`;
/*!40101 SET @saved_cs_client     = @@character_set_client */;
/*!50503 SET character_set_client = utf8mb4 */;
CREATE TABLE `biddings_items_oms` (
  `id` int(11) NOT NULL AUTO_INCREMENT,
  `biddings_items_id` int(11) NOT NULL,
  `oms_id` int(11) NOT NULL,
  `quantity` float(9,3) NOT NULL,
  `quantity_available` float(9,3) DEFAULT NULL,
  PRIMARY KEY (`id`,`biddings_items_id`,`oms_id`),
  KEY `fk_biddings_items_has_oms_idx` (`oms_id`),
  KEY `fk_biddings_items_has_oms_items_idx` (`biddings_items_id`),
  CONSTRAINT `fk_biddings_items_has_oms_biddings1` FOREIGN KEY (`biddings_items_id`) REFERENCES `biddings_items` (`id`),
  CONSTRAINT `fk_biddings_items_has_oms_oms1` FOREIGN KEY (`oms_id`) REFERENCES `oms` (`id`)
) ENGINE=InnoDB AUTO_INCREMENT=8 DEFAULT CHARSET=utf8;
/*!40101 SET character_set_client = @saved_cs_client */;

--
-- Dumping data for table `biddings_items_oms`
--

LOCK TABLES `biddings_items_oms` WRITE;
/*!40000 ALTER TABLE `biddings_items_oms` DISABLE KEYS */;
INSERT INTO `biddings_items_oms` VALUES (1,1,1,100.000,65.000),(2,1,2,80.000,100.000),(3,1,3,90.000,100.000),(4,2,1,40.000,25.000),(5,2,3,20.000,30.000),(6,2,5,30.000,65.000),(7,2,7,10.000,15.000);
/*!40000 ALTER TABLE `biddings_items_oms` ENABLE KEYS */;
UNLOCK TABLES;

--
-- Table structure for table `cnae`
--

DROP TABLE IF EXISTS `cnae`;
/*!40101 SET @saved_cs_client     = @@character_set_client */;
/*!50503 SET character_set_client = utf8mb4 */;
CREATE TABLE `cnae` (
  `id` int(11) NOT NULL AUTO_INCREMENT,
  `name` varchar(60) NOT NULL,
  `description` varchar(60) NOT NULL,
  `isActive` tinyint(4) DEFAULT NULL,
  PRIMARY KEY (`id`)
) ENGINE=InnoDB AUTO_INCREMENT=981 DEFAULT CHARSET=utf8mb4 COLLATE=utf8mb4_0900_ai_ci;
/*!40101 SET character_set_client = @saved_cs_client */;

--
-- Dumping data for table `cnae`
--

LOCK TABLES `cnae` WRITE;
/*!40000 ALTER TABLE `cnae` DISABLE KEYS */;
INSERT INTO `cnae` VALUES (1,'111301','Cultivo de arroz',1),(2,'111302','Cultivo de milho',1),(3,'111303','Cultivo de trigo',1),(4,'111399','Cultivo de outros cereais não especificados anteriormente',1),(5,'112101','Cultivo de algodão herbáceo',1),(6,'112102','Cultivo de juta',1),(7,'113000','Cultivo de cana-de-açúcar',1),(8,'114800','Cultivo de fumo',1),(9,'115600','Cultivo de soja',1),(10,'116401','Cultivo de amendoim',1),(11,'116402','Cultivo de girassol',1),(12,'116403','Cultivo de mamona',1),(13,'119901','Cultivo de abacaxi',1),(14,'119902','Cultivo de alho',1),(15,'119903','Cultivo de batata-inglesa',1),(16,'119904','Cultivo de cebola',1),(17,'119905','Cultivo de feijão',1),(18,'119906','Cultivo de mandioca',1),(19,'119907','Cultivo de melão',1),(20,'119908','Cultivo de melancia',1),(21,'119909','Cultivo de tomate rasteiro',1),(22,'121101','Horticultura, exceto morango',1),(23,'121102','Cultivo de morango',1),(24,'122900','Cultivo de flores e plantas ornamentais',1),(25,'122900','- Cultivo de flores e plantas ornamentais',1),(26,'131800','Cultivo de laranja',1),(27,'132600','Cultivo de uva',1),(28,'133401','Cultivo de açaí',1),(29,'133402','Cultivo de banana',1),(30,'133403','Cultivo de caju',1),(31,'133404','Cultivo de cítricos, exceto laranja',1),(32,'133405','Cultivo de coco-da-baía',1),(33,'133406','Cultivo de guaraná',1),(34,'133407','Cultivo de maçã',1),(35,'133408','Cultivo de mamão',1),(36,'133409','Cultivo de maracujá',1),(37,'133410','Cultivo de manga',1),(38,'133411','Cultivo de pêssego',1),(39,'134200','Cultivo de café',1),(40,'135100','Cultivo de cacau',1),(41,'139301','Cultivo de chá-da-índia',1),(42,'139302','Cultivo de erva-mate',1),(43,'139303','Cultivo de pimenta-do-reino',1),(44,'139304','Cultivo de plantas para condimento, exceto pimenta-do-reino',1),(45,'139305','Cultivo de dendê',1),(46,'139306','Cultivo de seringueira',1),(47,'151201','Criação de bovinos para corte',1),(48,'151202','Criação de bovinos para leite',1),(49,'151203','Criação de bovinos, exceto para corte e leite',1),(50,'152101','Criação de bufalinos',1),(51,'152102','Criação de equinos',1),(52,'152103','Criação de asininos e muares',1),(53,'153901','Criação de caprinos',1),(54,'153902','Criação de ovinos, inclusive para produção de lã',1),(55,'154700','Criação de suínos',1),(56,'155501','Criação de frangos para corte',1),(57,'155502','Produção de pintos de um dia',1),(58,'155503','Criação de outros galináceos, exceto para corte',1),(59,'155504','Criação de aves, exceto galináceos',1),(60,'155505','Produção de ovos',1),(61,'159801','Apicultura',1),(62,'159802','Criação de animais de estimação',1),(63,'159803','Criação de escargô',1),(64,'159804','Criação de bicho-da-seda',1),(65,'159899','Criação de outros animais não especificados anteriormente',1),(66,'161001','Serviço de pulverização e controle de pragas agrícolas',1),(67,'161002','Serviço de poda de árvores para lavouras',1),(68,'161003','Serviço de preparação de terreno, cultivo e colheita',1),(69,'162801','Serviço de inseminação artificial em animais',1),(70,'162802','Serviço de tosquiamento de ovinos',1),(71,'162803','Serviço de manejo de animais',1),(72,'163600','Atividades de pós-colheita',1),(73,'170900','Caça e serviços relacionados',1),(74,'111302','Cultivo de milho - errado',1),(75,'210101','Cultivo de eucalipto',1),(76,'210102','Cultivo de acácia-negra',1),(77,'210103','Cultivo de pinus',1),(78,'210104','Cultivo de teca',1),(79,'210106','Cultivo de mudas em viveiros florestais',1),(80,'210107','Extração de madeira em florestas plantadas',1),(81,'210108','Produção de carvão vegetal - florestas plantadas',1),(82,'210109','Produção de casca de acácia-negra - florestas plantadas',1),(83,'220901','Extração de madeira em florestas nativas',1),(84,'220902','Produção de carvão vegetal - florestas nativas',1),(85,'220903','Coleta de castanha-do-pará em florestas nativas',1),(86,'220904','Coleta de látex em florestas nativas',1),(87,'220905','Coleta de palmito em florestas nativas',1),(88,'220906','Conservação de florestas nativas',1),(89,'230600','Atividades de apoio à produção florestal',1),(90,'311601','Pesca de peixes em água salgada',1),(91,'311602','Pesca de crustáceos e moluscos em água salgada',1),(92,'311603','Coleta de outros produtos marinhos',1),(93,'311604','Atividades de apoio à pesca em água salgada',1),(94,'312401','Pesca de peixes em água doce',1),(95,'312402','Pesca de crustáceos e moluscos em água doce',1),(96,'312403','Coleta de outros produtos aquáticos de água doce',1),(97,'312404','Atividades de apoio à pesca em água doce',1),(98,'321301','Criação de peixes em água salgada e salobra',1),(99,'321302','Criação de camarões em água salgada e salobra',1),(100,'321303','Criação de ostras e mexilhões em água salgada e salobra',1),(101,'321304','Criação de peixes ornamentais em água salgada e salobra',1),(102,'321305','Atividades de apoio à aquicultura em água salgada e salobra',1),(103,'322101','Criação de peixes em água doce',1),(104,'322102','Criação de camarões em água doce',1),(105,'322103','Criação de ostras e mexilhões em água doce',1),(106,'322104','Criação de peixes ornamentais em água doce',1),(107,'322105','Ranicultura',1),(108,'322106','Criação de jacaré',1),(109,'322107','Atividades de apoio à aquicultura em água doce',1),(110,'500301','Extração de carvão mineral',1),(111,'500302','Beneficiamento de carvão mineral',1),(112,'600001','Extração de petróleo e gás natural',1),(113,'600002','Extração e beneficiamento de xisto',1),(114,'600003','Extração e beneficiamento de areias betuminosas',1),(115,'710301','Extração de minério de ferro',1),(116,'721901','Extração de minério de alumínio',1),(117,'721902','Beneficiamento de minério de alumínio',1),(118,'722701','Extração de minério de estanho',1),(119,'722702','Beneficiamento de minério de estanho',1),(120,'723501','Extração de minério de manganês',1),(121,'723502','Beneficiamento de minério de manganês',1),(122,'724301','Extração de minério de metais preciosos',1),(123,'724302','Beneficiamento de minério de metais preciosos',1),(124,'725100','Extração de minerais radioativos',1),(125,'729401','Extração de minérios de nióbio e titânio',1),(126,'729402','Extração de minério de tungstênio',1),(127,'729403','Extração de minério de níquel',1),(128,'810001','Extração de ardósia e beneficiamento associado',1),(129,'810002','Extração de granito e beneficiamento associado',1),(130,'810003','Extração de mármore e beneficiamento associado',1),(131,'810004','Extração de calcário e dolomita e beneficiamento associado',1),(132,'810005','Extração de gesso e caulim',1),(133,'810007','Extração de argila e beneficiamento associado',1),(134,'810008','Extração de saibro e beneficiamento associado',1),(135,'810009','Extração de basalto e beneficiamento associado',1),(136,'810010','Beneficiamento de gesso e caulim associado à extração',1),(137,'892401','Extração de sal marinho',1),(138,'892402','Extração de sal-gema',1),(139,'892403','Refino e outros tratamentos do sal',1),(140,'893200','Extração de gemas (pedras preciosas e semipreciosas)',1),(141,'899101','Extração de grafita',1),(142,'899102','Extração de quartzo',1),(143,'899103','Extração de amianto',1),(144,'910600','Atividades de apoio à extração de petróleo e gás natural',1),(145,'990401','Atividades de apoio à extração de minério de ferro',1),(146,'990403','Atividades de apoio à extração de minerais não metálicos',1),(147,'1011201','Frigorífico - abate de bovinos',1),(148,'1011202','Frigorífico - abate de equinos',1),(149,'1011203','Frigorífico - abate de ovinos e caprinos',1),(150,'1011204','Frigorífico - abate de bufalinos',1),(151,'1012101','Abate de aves',1),(152,'1012102','Abate de pequenos animais',1),(153,'1012103','Frigorífico - abate de suínos',1),(154,'1012104','Matadouro - abate de suínos sob contrato',1),(155,'1013901','Fabricação de produtos de carne',1),(156,'1013902','Preparação de subprodutos do abate',1),(157,'1020101','Preservação de peixes, crustáceos e moluscos',1),(158,'1020102','Fabricação de conservas de peixes, crustáceos e moluscos',1),(159,'1031700','Fabricação de conservas de frutas',1),(160,'1032501','Fabricação de conservas de palmito',1),(161,'1041400','Fabricação de óleos vegetais em bruto, exceto óleo de milho',1),(162,'1042200','Fabricação de óleos vegetais refinados, exceto óleo de milho',1),(163,'1051100','Preparação do leite',1),(164,'1051100','Preparação do leite',1),(165,'1052000','Fabricação de laticínios',1),(166,'1053800','Fabricação de sorvetes e outros gelados comestíveis',1),(167,'1061901','Beneficiamento de arroz',1),(168,'1061902','Fabricação de produtos do arroz',1),(169,'1062700','Moagem de trigo e fabricação de derivados',1),(170,'1063500','Fabricação de farinha de mandioca e derivados',1),(171,'1065101','Fabricação de amidos e féculas de vegetais',1),(172,'1065102','Fabricação de óleo de milho em bruto',1),(173,'1065103','Fabricação de óleo de milho refinado',1),(174,'1066000','Fabricação de alimentos para animais',1),(175,'1071600','Fabricação de açúcar em bruto',1),(176,'1072401','Fabricação de açúcar de cana refinado',1),(177,'1072402','Fabricação de açúcar de cereais (dextrose) e de beterraba',1),(178,'1081301','Beneficiamento de café',1),(179,'1081302','Torrefação e moagem de café',1),(180,'1082100','Fabricação de produtos à base de café',1),(181,'1091101','Fabricação de produtos de panificação industrial',1),(182,'1092900','Fabricação de biscoitos e bolachas',1),(183,'1093701','Fabricação de produtos derivados do cacau e de chocolates',1),(184,'1093702','Fabricação de frutas cristalizadas, balas e semelhantes',1),(185,'1094500','Fabricação de massas alimentícias',1),(186,'1095300','Fabricação de especiarias, molhos, temperos e condimentos',1),(187,'1096100','Fabricação de alimentos e pratos prontos',1),(188,'1096100','- Fabricação de alimentos e pratos prontos',1),(189,'1099601','Fabricação de vinagres',1),(190,'1099602','- Fabricação de pós alimentícios',1),(191,'1099602','Fabricação de pós-alimentícios',1),(192,'1099603','Fabricação de fermentos e leveduras',1),(193,'1099604','Fabricação de gelo comum',1),(194,'1099605','Fabricação de produtos para infusão (chá, mate, etc.)',1),(195,'1099606','Fabricação de adoçantes naturais e artificiais',1),(196,'1111901','Fabricação de aguardente de cana-de-açúcar',1),(197,'1111902','Fabricação de outras aguardentes e bebidas destiladas',1),(198,'1112700','Fabricação de vinho',1),(199,'1113501','Fabricação de malte, inclusive malte uísque',1),(200,'1113502','Fabricação de cervejas e chopes',1),(201,'1121600','Fabricação de águas envasadas',1),(202,'1122401','Fabricação de refrigerantes',1),(203,'1122402','Fabricação de chá mate e outros chás prontos para consumo',1),(204,'1122404','Fabricação de bebidas isotônicas',1),(205,'1210700','Processamento industrial do fumo',1),(206,'1220401','Fabricação de cigarros',1),(207,'1220402','Fabricação de cigarrilhas e charutos',1),(208,'1220403','Fabricação de filtros para cigarros',1),(209,'1311100','Preparação e fiação de fibras de algodão',1),(210,'1313800','Fiação de fibras artificiais e sintéticas',1),(211,'1314600','Fabricação de linhas para costurar e bordar',1),(212,'1321900','Tecelagem de fios de algodão',1),(213,'1322700','Tecelagem de fios de fibras têxteis naturais, exceto algodão',1),(214,'1323500','Tecelagem de fios de fibras artificiais e sintéticas',1),(215,'1330800','Fabricação de tecidos de malha',1),(216,'1351100','Fabricação de artefatos têxteis para uso doméstico',1),(217,'1352900','Fabricação de artefatos de tapeçaria',1),(218,'1353700','Fabricação de artefatos de cordoaria',1),(219,'1354500','Fabricação de tecidos especiais, inclusive artefatos',1),(220,'1411801','Confecção de roupas íntimas',1),(221,'1411802','Facção de roupas íntimas',1),(222,'1411802','- Facção de roupas íntimas',1),(223,'1412603','Facção de peças do vestuário, exceto roupas íntimas',1),(224,'1413401','Confecção de roupas profissionais, exceto sob medida',1),(225,'1413402','Confecção, sob medida, de roupas profissionais',1),(226,'1413403','Facção de roupas profissionais',1),(227,'1421500','Fabricação de meias',1),(228,'1510600','Curtimento e outras preparações de couro',1),(229,'1510600','- Curtimento e outras preparações de couro',1),(230,'1531901','Fabricação de calçados de couro',1),(231,'1531902','Acabamento de calçados de couro sob contrato',1),(232,'1532700','Fabricação de tênis de qualquer material',1),(233,'1533500','Fabricação de calçados de material sintético',1),(234,'1540800','Fabricação de partes para calçados, de qualquer material',1),(235,'155501','- Criação de frangos para corte',1),(236,'1610201','Serrarias com desdobramento de madeira',1),(237,'1610202','- Serrarias sem desdobramento de madeira',1),(238,'1610203','Serrarias com desdobramento de madeira em bruto',1),(239,'1610204','Serrarias sem desdobramento de madeira em bruto - Resseragem',1),(240,'1610205','Serviço de tratamento de madeira realizado sob contrato',1),(241,'1622601','Fabricação de casas de madeira pré-fabricadas',1),(242,'1622699','Fabricação de outros artigos de carpintaria para construção',1),(243,'1629301','Fabricação de artefatos diversos de madeira, exceto móveis',1),(244,'1721400','Fabricação de papel',1),(245,'1722200','Fabricação de cartolina e papel-cartão',1),(246,'1731100','Fabricação de embalagens de papel',1),(247,'1732000','Fabricação de embalagens de cartolina e papel-cartão',1),(248,'1733800','Fabricação de chapas e de embalagens de papelão ondulado',1),(249,'1741901','Fabricação de formulários contínuos',1),(250,'1742701','Fabricação de fraldas descartáveis',1),(251,'1742702','Fabricação de absorventes higiênicos',1),(252,'1811301','Impressão de jornais',1),(253,'1812100','Impressão de material de segurança',1),(254,'1813001','Impressão de material para uso publicitário',1),(255,'1813001','- Impressão de material para uso publicitário',1),(256,'1813099','Impressão de material para outros usos',1),(257,'1821100','Serviços de pré-impressão',1),(258,'1822901','Serviços de encadernação e plastificação',1),(259,'1830001','Reprodução de som em qualquer suporte',1),(260,'1830002','Reprodução de vídeo em qualquer suporte',1),(261,'1830003','Reprodução de software em qualquer suporte',1),(262,'1910100','Coquerias',1),(263,'1921700','Fabricação de produtos do refino de petróleo',1),(264,'1922501','Formulação de combustíveis',1),(265,'1922502','Rerrefino de óleos lubrificantes',1),(266,'1931400','Fabricação de álcool',1),(267,'1932200','Fabricação de biocombustíveis, exceto álcool',1),(268,'2011800','Fabricação de cloro e álcalis',1),(269,'2012600','Fabricação de intermediários para fertilizantes',1),(270,'2013401','Fabricação de adubos e fertilizantes organo-minerais',1),(271,'2013402','Fabricação de adubos e fertilizantes, exceto organo-minerais',1),(272,'2014200','Fabricação de gases industriais',1),(273,'2020301','Elaboração de combustíveis nucleares',1),(274,'2021500','Fabricação de produtos petroquímicos básicos',1),(275,'2031200','Fabricação de resinas termoplásticas',1),(276,'2031200','- Fabricação de resinas termoplásticas',1),(277,'2032100','Fabricação de resinas termofixas',1),(278,'2033900','Fabricação de elastômeros',1),(279,'2040100','Fabricação de fibras artificiais e sintéticas',1),(280,'2051700','Fabricação de defensivos agrícolas',1),(281,'2052500','Fabricação de desinfestantes domissanitários',1),(282,'2061400','Fabricação de sabões e detergentes sintéticos',1),(283,'2062200','Fabricação de produtos de limpeza e polimento',1),(284,'2062200','- Fabricação de produtos de limpeza e polimento',1),(285,'2071100','Fabricação de tintas, vernizes, esmaltes e lacas',1),(286,'2072000','Fabricação de tintas de impressão',1),(287,'2073800','Fabricação de impermeabilizantes, solventes e produtos afins',1),(288,'2091600','Fabricação de adesivos e selantes',1),(289,'2092401','Fabricação de pólvoras, explosivos e detonantes',1),(290,'2092402','Fabricação de artigos pirotécnicos',1),(291,'2092403','Fabricação de fósforos de segurança',1),(292,'2093200','Fabricação de aditivos de uso industrial',1),(293,'2094100','Fabricação de catalisadores',1),(294,'210107','- Extração de madeira em florestas plantadas',1),(295,'2110600','Fabricação de produtos farmoquímicos',1),(296,'2121101','Fabricação de medicamentos alopáticos para uso humano',1),(297,'2121102','Fabricação de medicamentos homeopáticos para uso humano',1),(298,'2121103','Fabricação de medicamentos fitoterápicos para uso humano',1),(299,'2122000','Fabricação de medicamentos para uso veterinário',1),(300,'2123800','Fabricação de preparações farmacêuticas',1),(301,'2211100','Fabricação de pneumáticos e de câmaras-de-ar',1),(302,'2212900','Reforma de pneumáticos usados',1),(303,'2222600','Fabricação de embalagens de material plástico',1),(304,'2311700','Fabricação de vidro plano e de segurança',1),(305,'2312500','Fabricação de embalagens de vidro',1),(306,'2319200','Fabricação de artigos de vidro',1),(307,'2320600','Fabricação de cimento',1),(308,'2330302','Fabricação de artefatos de cimento para uso na construção',1),(309,'2330304','Fabricação de casas pré-moldadas de concreto',1),(310,'2330305','Preparação de massa de concreto e argamassa para construção',1),(311,'2341900','Fabricação de produtos cerâmicos refratários',1),(312,'2342701','Fabricação de azulejos e pisos',1),(313,'2349401','Fabricação de material sanitário de cerâmica',1),(314,'2391501','Britamento de pedras, exceto associado à extração',1),(315,'2392300','Fabricação de cal e gesso',1),(316,'2399102','Fabricação de abrasivos',1),(317,'2411300','Produção de ferro-gusa',1),(318,'2412100','Produção de ferroligas',1),(319,'2421100','Produção de semiacabados de aço',1),(320,'2422902','Produção de laminados planos de aços especiais',1),(321,'2423701','Produção de tubos de aço sem costura',1),(322,'2423702','Produção de laminados longos de aço, exceto tubos',1),(323,'2424501','Produção de arames de aço',1),(324,'2431800','Produção de tubos de aço com costura',1),(325,'2439300','Produção de outros tubos de ferro e aço',1),(326,'2441501','Produção de alumínio e suas ligas em formas primárias',1),(327,'2441502','Produção de laminados de alumínio',1),(328,'2442300','Metalurgia dos metais preciosos',1),(329,'2443100','Metalurgia do cobre',1),(330,'2449101','Produção de zinco em formas primárias',1),(331,'2449102','Produção de laminados de zinco',1),(332,'2449103','Fabricação de ânodos para galvanoplastia',1),(333,'2451200','Fundição de ferro e aço',1),(334,'2452100','- Fundição de metais não-ferrosos e suas ligas',1),(335,'2452100','Fundição de metais não ferrosos e suas ligas',1),(336,'2511000','Fabricação de estruturas metálicas',1),(337,'2512800','Fabricação de esquadrias de metal',1),(338,'2512800','Fabricação de esquadrias de metal',1),(339,'2513600','Fabricação de obras de caldeiraria pesada',1),(340,'2513600','- Fabricação de obras de caldeiraria pesada',1),(341,'2531401','Produção de forjados de aço',1),(342,'2531402','Produção de forjados de metais não-ferrosos e suas ligas',1),(343,'2531402','Produção de forjados de metais não ferrosos e suas ligas',1),(344,'2532201','Produção de artefatos estampados de metal',1),(345,'2532202','Metalurgia do pó',1),(346,'2539001','- Serviços de usinagem, tornearia e solda',1),(347,'2539001','Serviços de usinagem, torneiria e solda',1),(348,'2539002','Serviços de tratamento e revestimento em metais',1),(349,'2541100','Fabricação de artigos de cutelaria',1),(350,'2542000','Fabricação de artigos de serralheria, exceto esquadrias',1),(351,'2543800','Fabricação de ferramentas',1),(352,'2550102','Fabricação de armas de fogo, outras armas e munições',1),(353,'2591800','Fabricação de embalagens metálicas',1),(354,'2592601','Fabricação de produtos de trefilados de metal padronizados',1),(355,'2593400','Fabricação de artigos de metal para uso doméstico e pessoal',1),(356,'2599302','Serviço de corte e dobra de metais',1),(357,'2610800','Fabricação de componentes eletrônicos',1),(358,'2621300','Fabricação de equipamentos de informática',1),(359,'2622100','Fabricação de periféricos para equipamentos de informática',1),(360,'2652300','Fabricação de cronômetros e relógios',1),(361,'2680900','Fabricação de mídias virgens, magnéticas e ópticas',1),(362,'2710403','Fabricação de motores elétricos, peças e acessórios',1),(363,'2733300','Fabricação de fios, cabos e condutores elétricos isolados',1),(364,'2740601','Fabricação de lâmpadas',1),(365,'2740602','Fabricação de luminárias e outros equipamentos de iluminação',1),(366,'2790202','Fabricação de equipamentos para sinalização e alarme',1),(367,'2815101','Fabricação de rolamentos para fins industriais',1),(368,'2831300','Fabricação de tratores agrícolas, peças e acessórios',1),(369,'2840200','Fabricação de máquinas-ferramenta, peças e acessórios',1),(370,'2853400','Fabricação de tratores, peças e acessórios, exceto agrícolas',1),(371,'2910701','Fabricação de automóveis, camionetas e utilitários',1),(372,'2920401','Fabricação de caminhões e ônibus',1),(373,'2920402','Fabricação de motores para caminhões e ônibus',1),(374,'2930101','Fabricação de cabines, carrocerias e reboques para caminhões',1),(375,'2930102','Fabricação de carrocerias para ônibus',1),(376,'2949201','Fabricação de bancos e estofados para veículos automotores',1),(377,'3011301','Construção de embarcações de grande porte',1),(378,'3012100','Construção de embarcações para esporte e lazer',1),(379,'3032600','Fabricação de peças e acessórios para veículos ferroviários',1),(380,'3041500','Fabricação de aeronaves',1),(381,'3050400','Fabricação de veículos militares de combate',1),(382,'3091101','Fabricação de motocicletas',1),(383,'3091102','Fabricação de peças e acessórios para motocicletas',1),(384,'3101200','Fabricação de móveis com predominância de madeira',1),(385,'3102100','Fabricação de móveis com predominância de metal',1),(386,'3104700','Fabricação de colchões',1),(387,'3211601','Lapidação de gemas',1),(388,'3211602','Fabricação de artefatos de joalheria e ourivesaria',1),(389,'3211603','Cunhagem de moedas e medalhas',1),(390,'3212400','Fabricação de bijuterias e artefatos semelhantes',1),(391,'3220500','Fabricação de instrumentos musicais, peças e acessórios',1),(392,'3230200','Fabricação de artefatos para pesca e esporte',1),(393,'3240001','Fabricação de jogos eletrônicos',1),(394,'3250705','Fabricação de materiais para medicina e odontologia',1),(395,'3250706','Serviços de prótese dentária',1),(396,'3250706','Serviços de prótese dentária',1),(397,'3250707','Fabricação de artigos ópticos',1),(398,'3250709','Serviço de laboratório óptico',1),(399,'3291400','Fabricação de escovas, pincéis e vassouras',1),(400,'3299001','Fabricação de guarda-chuvas e similares',1),(401,'3299004','Fabricação de painéis e letreiros luminosos',1),(402,'3299005','Fabricação de aviamentos para costura',1),(403,'3299006','Fabricação de velas, inclusive decorativas',1),(404,'3314701','Manutenção e reparação de máquinas motrizes não elétricas',1),(405,'3314703','Manutenção e reparação de válvulas industriais',1),(406,'3314704','Manutenção e reparação de compressores',1),(407,'3314712','Manutenção e reparação de tratores agrícolas',1),(408,'3314713','Manutenção e reparação de máquinas-ferramenta',1),(409,'3314716','Manutenção e reparação de tratores, exceto agrícolas',1),(410,'3315500','Manutenção e reparação de veículos ferroviários',1),(411,'3316302','Manutenção de aeronaves na pista',1),(412,'3321000','Instalação de máquinas e equipamentos industriais',1),(413,'3321000','- Instalação de máquinas e equipamentos industriais',1),(414,'3329501','Serviços de montagem de móveis de qualquer material',1),(415,'3329501','Serviços de montagem de móveis de qualquer material',1),(416,'3511501','Geração de energia elétrica',1),(417,'3512300','Transmissão de energia elétrica',1),(418,'3513100','Comércio atacadista de energia elétrica',1),(419,'3513100','Comércio atacadista de energia elétrica',1),(420,'3514000','Distribuição de energia elétrica',1),(421,'3514000','- Distribuição de energia elétrica',1),(422,'3520401','Produção de gás; processamento de gás natural',1),(423,'3520402','Distribuição de combustíveis gasosos por redes urbanas',1),(424,'3600601','Captação, tratamento e distribuição de água',1),(425,'3600602','Distribuição de água por caminhões',1),(426,'3600602','- Distribuição de água por caminhões',1),(427,'3701100','Gestão de redes de esgoto',1),(428,'3701100','- Gestão de redes de esgoto',1),(429,'3702900','Atividades relacionadas a esgoto, exceto a gestão de redes',1),(430,'3811400','- Coleta de resíduos não-perigosos',1),(431,'3811400','Coleta de resíduos não perigosos',1),(432,'3812200','Coleta de resíduos perigosos',1),(433,'3821100','- Tratamento e disposição de resíduos não-perigosos',1),(434,'3821100','Tratamento e disposição de resíduos não perigosos',1),(435,'3822000','Tratamento e disposição de resíduos perigosos',1),(436,'3831901','Recuperação de sucatas de alumínio',1),(437,'3831999','Recuperação de materiais metálicos, exceto alumínio',1),(438,'3832700','Recuperação de materiais plásticos',1),(439,'3832700','- Recuperação de materiais plásticos',1),(440,'3839401','Usinas de compostagem',1),(441,'3839499','Recuperação de materiais não especificados anteriormente',1),(442,'3900500','Descontaminação e outros serviços de gestão de resíduos',1),(443,'4110700','Incorporação de empreendimentos imobiliários',1),(444,'4120400','Construção de edifícios',1),(445,'4211101','Construção de rodovias e ferrovias',1),(446,'4211102','Pintura para sinalização em pistas rodoviárias e aeroportos',1),(447,'4212000','Construção de obras de arte especiais',1),(448,'4213800','Obras de urbanização - ruas, praças e calçadas',1),(449,'4221903','Manutenção de redes de distribuição de energia elétrica',1),(450,'4221904','Construção de estações e redes de telecomunicações',1),(451,'4221905','Manutenção de estações e redes de telecomunicações',1),(452,'4222702','Obras de irrigação',1),(453,'4291000','Obras portuárias, marítimas e fluviais',1),(454,'4292801','Montagem de estruturas metálicas',1),(455,'4292802','Obras de montagem industrial',1),(456,'4299501','Construção de instalações esportivas e recreativas',1),(457,'4299501','- Construção de instalações esportivas e recreativas',1),(458,'4311801','Demolição de edifícios e outras estruturas',1),(459,'4311801','- Demolição de edifícios e outras estruturas',1),(460,'4311802','Preparação de canteiro e limpeza de terreno',1),(461,'4312600','Perfurações e sondagens',1),(462,'4313400','Obras de terraplenagem',1),(463,'4321500','Instalação e manutenção elétrica',1),(464,'4322301','Instalações hidráulicas, sanitárias e de gás',1),(465,'4322303','Instalações de sistema de prevenção contra incêndio',1),(466,'4329101','Instalação de painéis publicitários',1),(467,'4329105','Tratamentos térmicos, acústicos ou de vibração',1),(468,'4330401','Impermeabilização em obras de engenharia civil',1),(469,'4330403','Obras de acabamento em gesso e estuque',1),(470,'4330403','- Obras de acabamento em gesso e estuque',1),(471,'4330404','Serviços de pintura de edifícios em geral',1),(472,'4330499','Outras obras de acabamento da construção',1),(473,'4391600','Obras de fundações',1),(474,'4399101','Administração de obras',1),(475,'4399103','Obras de alvenaria',1),(476,'4399105','Perfuração e construção de poços de água',1),(477,'4511104','Comércio por atacado de caminhões novos e usados',1),(478,'4511106','Comércio por atacado de ônibus e micro-ônibus novos e usados',1),(479,'4512902','Comércio sob consignação de veículos automotores',1),(480,'4520006','Serviços de borracharia para veículos automotores',1),(481,'4520008','Serviços de capotaria',1),(482,'4530702','Comércio por atacado de pneumáticos e câmaras-de-ar',1),(483,'4530705','Comércio a varejo de pneumáticos e câmaras-de-ar',1),(484,'4541201','Comércio por atacado de motocicletas e motonetas',1),(485,'4541203','Comércio a varejo de motocicletas e motonetas novas',1),(486,'4541204','Comércio a varejo de motocicletas e motonetas usadas',1),(487,'4541204','Comércio a varejo de motocicletas e motonetas usadas',1),(488,'4542102','Comércio sob consignação de motocicletas e motonetas',1),(489,'4543900','Manutenção e reparação de motocicletas e motonetas',1),(490,'4543900','- Manutenção e reparação de motocicletas e motonetas',1),(491,'4621400','Comércio atacadista de café em grão',1),(492,'4622200','Comércio atacadista de soja',1),(493,'4623101','Comércio atacadista de animais vivos',1),(494,'4623103','Comércio atacadista de algodão',1),(495,'4623104','Comércio atacadista de fumo em folha não beneficiado',1),(496,'4623105','Comércio atacadista de cacau',1),(497,'4623106','Comércio atacadista de sementes, flores, plantas e gramas',1),(498,'4623107','Comércio atacadista de sisal',1),(499,'4623109','Comércio atacadista de alimentos para animais',1),(500,'4623109','- Comércio atacadista de alimentos para animais',1),(501,'4631100','Comércio atacadista de leite e laticínios',1),(502,'4632001','Comércio atacadista de cereais e leguminosas beneficiados',1),(503,'4632002','Comércio atacadista de farinhas, amidos e féculas',1),(504,'4633802','Comércio atacadista de aves vivas e ovos',1),(505,'4634601','Comércio atacadista de carnes bovinas e suínas e derivados',1),(506,'4634602','Comércio atacadista de aves abatidas e derivados',1),(507,'4634603','Comércio atacadista de pescados e frutos do mar',1),(508,'4634699','Comércio atacadista de carnes e derivados de outros animais',1),(509,'4635401','Comércio atacadista de água mineral',1),(510,'4635402','Comércio atacadista de cerveja, chope e refrigerante',1),(511,'4636201','Comércio atacadista de fumo beneficiado',1),(512,'4636202','Comércio atacadista de cigarros, cigarrilhas e charutos',1),(513,'4637101','Comércio atacadista de café torrado, moído e solúvel',1),(514,'4637102','Comércio atacadista de açúcar',1),(515,'4637103','Comércio atacadista de óleos e gorduras',1),(516,'4637104','Comércio atacadista de pães, bolos, biscoitos e similares',1),(517,'4637105','Comércio atacadista de massas alimentícias',1),(518,'4637106','Comércio atacadista de sorvetes',1),(519,'4639701','Comércio atacadista de produtos alimentícios em geral',1),(520,'4639701','- Comércio atacadista de produtos alimentícios em geral',1),(521,'4641901','Comércio atacadista de tecidos',1),(522,'4641902','Comércio atacadista de artigos de cama, mesa e banho',1),(523,'4641903','Comércio atacadista de artigos de armarinho',1),(524,'4643501','Comércio atacadista de calçados',1),(525,'4643502','Comércio atacadista de bolsas, malas e artigos de viagem',1),(526,'4644301','Comércio atacadista de medicamentos e drogas de uso humano',1),(527,'4645102','Comércio atacadista de próteses e artigos de ortopedia',1),(528,'4645103','Comércio atacadista de produtos odontológicos',1),(529,'4646001','Comércio atacadista de cosméticos e produtos de perfumaria',1),(530,'4646002','Comércio atacadista de produtos de higiene pessoal',1),(531,'4646002','Comércio atacadista de produtos de higiene pessoal',1),(532,'4647801','Comércio atacadista de artigos de escritório e de papelaria',1),(533,'4647802','Comércio atacadista de livros, jornais e outras publicações',1),(534,'4649404','Comércio atacadista de móveis e artigos de colchoaria',1),(535,'4649406','Comércio atacadista de lustres, luminárias e abajures',1),(536,'4649407','Comércio atacadista de filmes, CDs, DVDs, fitas e discos',1),(537,'4651601','Comércio atacadista de equipamentos de informática',1),(538,'4651602','Comércio atacadista de suprimentos para informática',1),(539,'4651602','- Comércio atacadista de suprimentos para informática',1),(540,'4669901','Comércio atacadista de bombas e compressores; partes e peças',1),(541,'4671100','Comércio atacadista de madeira e produtos derivados',1),(542,'4672900','Comércio atacadista de ferragens e ferramentas',1),(543,'4672900','- Comércio atacadista de ferragens e ferramentas',1),(544,'4673700','Comércio atacadista de material elétrico',1),(545,'4674500','Comércio atacadista de cimento',1),(546,'4679601','Comércio atacadista de tintas, vernizes e similares',1),(547,'4679602','Comércio atacadista de mármores e granitos',1),(548,'4679603','Comércio atacadista de vidros, espelhos e vitrais',1),(549,'4679699','Comércio atacadista de materiais de construção em geral',1),(550,'4679699','- Comércio atacadista de materiais de construção em geral',1),(551,'4681805','Comércio atacadista de lubrificantes',1),(552,'4682600','Comércio atacadista de gás liquefeito de petróleo (GLP)',1),(553,'4684201','Comércio atacadista de resinas e elastômeros',1),(554,'4684202','Comércio atacadista de solventes',1),(555,'4686901','Comércio atacadista de papel e papelão em bruto',1),(556,'4686902','Comércio atacadista de embalagens',1),(557,'4687701','Comércio atacadista de resíduos de papel e papelão',1),(558,'4687703','Comércio atacadista de resíduos e sucatas metálicos',1),(559,'4689302','Comércio atacadista de fios e fibras beneficiados',1),(560,'4713001','Lojas de departamentos ou magazines',1),(561,'4721102','Padaria e confeitaria com predominância de revenda',1),(562,'4721103','Comércio varejista de laticínios e frios',1),(563,'4721104','Comércio varejista de doces, balas, bombons e semelhantes',1),(564,'4722901','Comércio varejista de carnes - açougues',1),(565,'4722902','Peixaria',1),(566,'4723700','Comércio varejista de bebidas',1),(567,'4724500','Comércio varejista de hortifrutigranjeiros',1),(568,'4729601','Tabacaria',1),(569,'4729602','Comércio varejista de mercadorias em lojas de conveniência',1),(570,'4731800','Comércio varejista de combustíveis para veículos automotores',1),(571,'4732600','Comércio varejista de lubrificantes',1),(572,'4732600','- Comércio varejista de lubrificantes',1),(573,'4741500','Comércio varejista de tintas e materiais para pintura',1),(574,'4742300','Comércio varejista de material elétrico',1),(575,'4743100','Comércio varejista de vidros',1),(576,'4744001','Comércio varejista de ferragens e ferramentas',1),(577,'4744002','Comércio varejista de madeira e artefatos',1),(578,'4744003','Comércio varejista de materiais hidráulicos',1),(579,'4744006','Comércio varejista de pedras para revestimento',1),(580,'4744099','Comércio varejista de materiais de construção em geral',1),(581,'4744099','- Comércio varejista de materiais de construção em geral',1),(582,'4751202','Recarga de cartuchos para equipamentos de informática',1),(583,'4754701','Comércio varejista de móveis',1),(584,'4754702','Comércio varejista de artigos de colchoaria',1),(585,'4754703','Comércio varejista de artigos de iluminação',1),(586,'4754703','- Comércio varejista de artigos de iluminação',1),(587,'4755501','Comércio varejista de tecidos',1),(588,'4755502','Comercio varejista de artigos de armarinho',1),(589,'4755502','Comercio varejista de artigos de armarinho',1),(590,'4755503','Comercio varejista de artigos de cama, mesa e banho',1),(591,'4761001','Comércio varejista de livros',1),(592,'4761002','Comércio varejista de jornais e revistas',1),(593,'4761003','Comércio varejista de artigos de papelaria',1),(594,'4762800','Comércio varejista de discos, CDs, DVDs e fitas',1),(595,'4763601','Comércio varejista de brinquedos e artigos recreativos',1),(596,'4763601','- Comércio varejista de brinquedos e artigos recreativos',1),(597,'4763602','Comércio varejista de artigos esportivos',1),(598,'4763604','Comércio varejista de artigos de caça, pesca e camping',1),(599,'4771703','Comércio varejista de produtos farmacêuticos homeopáticos',1),(600,'4771704','Comércio varejista de medicamentos veterinários',1),(601,'4771704','- Comércio varejista de medicamentos veterinários',1),(602,'4773300','Comércio varejista de artigos médicos e ortopédicos',1),(603,'4774100','Comércio varejista de artigos de óptica',1),(604,'4781400','Comércio varejista de artigos do vestuário e acessórios',1),(605,'4782201','Comércio varejista de calçados',1),(606,'4782202','Comércio varejista de artigos de viagem',1),(607,'4783101','Comércio varejista de artigos de joalheria',1),(608,'4783102','Comércio varejista de artigos de relojoaria',1),(609,'4783102','Comércio varejista de artigos de relojoaria',1),(610,'4784900','Comércio varejista de gás liqüefeito de petróleo (GLP)',1),(611,'4785701','Comércio varejista de antiguidades',1),(612,'4785799','Comércio varejista de outros artigos usados',1),(613,'4789001','Comércio varejista de suvenires, bijuterias e artesanatos',1),(614,'4789002','Comércio varejista de plantas e flores naturais',1),(615,'4789003','Comércio varejista de objetos de arte',1),(616,'4789005','Comércio varejista de produtos saneantes domissanitários',1),(617,'4789007','Comércio varejista de equipamentos para escritório',1),(618,'4789008','Comércio varejista de artigos fotográficos e para filmagem',1),(619,'4789009','Comércio varejista de armas e munições',1),(620,'4911600','Transporte ferroviário de carga',1),(621,'4912403','Transporte metroviário',1),(622,'4923001','Serviço de táxi',1),(623,'4924800','Transporte escolar',1),(624,'4930203','Transporte rodoviário de produtos perigosos',1),(625,'4930204','Transporte rodoviário de mudanças',1),(626,'4940000','Transporte dutoviário',1),(627,'4950700','Trens turísticos, teleféricos e similares',1),(628,'5011401','Transporte marítimo de cabotagem - Carga',1),(629,'5011402','Transporte marítimo de cabotagem - Passageiros',1),(630,'5012201','Transporte marítimo de longo curso - Carga',1),(631,'5012202','Transporte marítimo de longo curso - Passageiros',1),(632,'5030101','Navegação de apoio marítimo',1),(633,'5030102','Navegação de apoio portuário',1),(634,'5030103','Serviço de rebocadores e empurradores',1),(635,'5091201','Transporte por navegação de travessia, municipal',1),(636,'5099801','Transporte aquaviário para passeios turísticos',1),(637,'5111100','Transporte aéreo de passageiros regular',1),(638,'5112901','Serviço de táxi aéreo e locação de aeronaves com tripulação',1),(639,'5120000','Transporte aéreo de carga',1),(640,'5130700','Transporte espacial',1),(641,'5211701','Armazéns gerais - emissão de warrant',1),(642,'5211702','Guarda-móveis',1),(643,'5211702','- Guarda-móveis',1),(644,'5212500','Carga e descarga',1),(645,'5212500','Carga e descarga',1),(646,'5222200','Terminais rodoviários e ferroviários',1),(647,'5223100','Estacionamento de veículos',1),(648,'5229002','Serviços de reboque de veículos',1),(649,'5231101','- Administração da infra-estrutura portuária',1),(650,'5231101','Administração da infraestrutura portuária',1),(651,'5231102','Operações de terminais',1),(652,'5231102','Atividades do Operador Portuário',1),(653,'5231103','Gestão de terminais aquaviários',1),(654,'5232000','Atividades de agenciamento marítimo',1),(655,'5239701','Serviços de praticagem',1),(656,'5240101','Operação dos aeroportos e campos de aterrissagem',1),(657,'5250801','Comissaria de despachos',1),(658,'5250802','Atividades de despachantes aduaneiros',1),(659,'5250803','Agenciamento de cargas, exceto para o transporte marítimo',1),(660,'5250804','Organização logística do transporte de carga',1),(661,'5250804','- Organização logística do transporte de carga',1),(662,'5250805','Operador de transporte multimodal - OTM',1),(663,'5310501','Atividades do Correio Nacional',1),(664,'5310502','- Atividades de franqueadas do Correio Nacional',1),(665,'5320211','Serviços de malote não realizados pelo Correio Nacional',1),(666,'5320212','Serviços de entrega rápida',1),(667,'5510801','Hotéis',1),(668,'5510802','Apart-hotéis',1),(669,'5510803','Motéis',1),(670,'5590601','Albergues, exceto assistenciais',1),(671,'5590602','Campings',1),(672,'5590603','Pensões (alojamento)',1),(673,'5590699','Outros alojamentos não especificados anteriormente',1),(674,'5611201','Restaurantes e similares',1),(675,'5611203','Lanchonetes, casas de chá, de sucos e similares',1),(676,'5612100','Serviços ambulantes de alimentação',1),(677,'5620102','Serviços de alimentação para eventos e recepções - bufê',1),(678,'5620103','Cantinas - serviços de alimentação privativos',1),(679,'5811500','Edição de livros',1),(680,'5812301','Edição de jornais diários',1),(681,'5812302','Edição de jornais não diários',1),(682,'5813100','Edição de revistas',1),(683,'5813100','- Edição de revistas',1),(684,'5819100','Edição de cadastros, listas e outros produtos gráficos',1),(685,'5821200','Edição integrada à impressão de livros',1),(686,'5822101','Edição integrada à impressão de jornais diários',1),(687,'5822102','Edição integrada à impressão de jornais não diários',1),(688,'5823900','Edição integrada à impressão de revistas',1),(689,'5823900','Edição integrada à impressão de revistas',1),(690,'5911101','Estúdios cinematográficos',1),(691,'5911102','Produção de filmes para publicidade',1),(692,'5911102','- Produção de filmes para publicidade',1),(693,'5912001','Serviços de dublagem',1),(694,'5912002','Serviços de mixagem sonora em produção audiovisual',1),(695,'5914600','Atividades de exibição cinematográfica',1),(696,'5920100','Atividades de gravação de som e de edição de música',1),(697,'600001','- Extração de petróleo e gás natural',1),(698,'6010100','Atividades de rádio',1),(699,'6021700','Atividades de televisão aberta',1),(700,'6022501','Programadoras',1),(701,'6110801','Serviços de telefonia fixa comutada - STFC',1),(702,'6110802','Serviços de redes de transporte de telecomunicações - SRTT',1),(703,'6110803','Serviços de comunicação multimídia - SCM',1),(704,'6120501','Telefonia móvel celular',1),(705,'6120502','Serviço móvel especializado - SME',1),(706,'6130200','Telecomunicações por satélite',1),(707,'6141800','Operadoras de televisão por assinatura por cabo',1),(708,'6142600','Operadoras de televisão por assinatura por micro-ondas',1),(709,'6143400','Operadoras de televisão por assinatura por satélite',1),(710,'6190601','Provedores de acesso às redes de comunicações',1),(711,'6190602','Provedores de voz sobre protocolo Internet - VOIP',1),(712,'6201501','Desenvolvimento de programas de computador sob encomenda',1),(713,'6201502','Web desing',1),(714,'6204000','Consultoria em tecnologia da informação',1),(715,'6391700','Agências de notícias',1),(716,'6410700','Banco Central',1),(717,'6421200','Bancos comerciais',1),(718,'6422100','Bancos múltiplos, com carteira comercial',1),(719,'6423900','Caixas econômicas',1),(720,'6424701','Bancos cooperativos',1),(721,'6424702','Cooperativas centrais de crédito',1),(722,'6424703','Cooperativas de crédito mútuo',1),(723,'6424704','Cooperativas de crédito rural',1),(724,'6431000','Bancos múltiplos, sem carteira comercial',1),(725,'6432800','Bancos de investimento',1),(726,'6433600','Bancos de desenvolvimento',1),(727,'6434400','Agências de fomento',1),(728,'6435201','Sociedades de crédito imobiliário',1),(729,'6435202','Associações de poupança e empréstimo',1),(730,'6435203','Companhias hipotecárias',1),(731,'6437900','Sociedades de crédito ao microempreendedor',1),(732,'6438701','Bancos de câmbio',1),(733,'6440900','Arrendamento mercantil',1),(734,'6450600','Sociedades de capitalização',1),(735,'6461100','Holdings de instituições financeiras',1),(736,'6462000','Holdings de instituições não-financeiras',1),(737,'6462000','Holdings de instituições não financeiras',1),(738,'6463800','Outras sociedades de participação, exceto holdings',1),(739,'6470102','Fundos de investimento previdenciários',1),(740,'6470103','Fundos de investimento imobiliários',1),(741,'6491300','Sociedades de fomento mercantil - factoring',1),(742,'6492100','Securitização de créditos',1),(743,'6499901','Clubes de investimento',1),(744,'6499902','Sociedades de investimento',1),(745,'6499903','Fundo garantidor de crédito',1),(746,'6499904','Caixas de financiamento de corporações',1),(747,'6499905','Concessão de crédito pelas OSCIP',1),(748,'6511101','Sociedade seguradora de seguros vida',1),(749,'6511102','Planos de auxílio-funeral',1),(750,'6512000','Seguros não-vida',1),(751,'6512000','Sociedade seguradora de seguros não vida',1),(752,'6520100','Sociedade seguradora de seguros-saúde',1),(753,'6530800','Resseguros',1),(754,'6541300','Previdência complementar fechada',1),(755,'6542100','Previdência complementar aberta',1),(756,'6550200','Planos de saúde',1),(757,'6611801','Bolsa de valores',1),(758,'6611802','Bolsa de mercadorias',1),(759,'6611803','Bolsa de mercadorias e futuros',1),(760,'6611804','Administração de mercados de balcão organizados',1),(761,'6612601','Corretoras de títulos e valores mobiliários',1),(762,'6612602','Distribuidoras de títulos e valores mobiliários',1),(763,'6612603','Corretoras de câmbio',1),(764,'6612604','Corretoras de contratos de mercadorias',1),(765,'6612605','Agentes de investimentos em aplicações financeiras',1),(766,'6613400','Administração de cartões de crédito',1),(767,'6613400','Administração de cartões de crédito',1),(768,'6619301','Serviços de liquidação e custódia',1),(769,'6619302','Correspondentes de instituições financeiras',1),(770,'6619303','Representações de bancos estrangeiros',1),(771,'6619304','Caixas eletrônicos',1),(772,'6619305','Operadoras de cartões de débito',1),(773,'6621501','Peritos e avaliadores de seguros',1),(774,'6621502','Auditoria e consultoria atuarial',1),(775,'6810201','Compra e venda de imóveis próprios',1),(776,'6810202','Aluguel de imóveis próprios',1),(777,'6810203','Loteamento de imóveis próprios',1),(778,'6821801','Corretagem na compra e venda e avaliação de imóveis',1),(779,'6821802','Corretagem no aluguel de imóveis',1),(780,'6822600','Gestão e administração da propriedade imobiliária',1),(781,'6911701','Serviços advocatícios',1),(782,'6911702','Atividades auxiliares da justiça',1),(783,'6911703','Agente de propriedade industrial',1),(784,'6912500','Cartórios',1),(785,'6920601','Atividades de contabilidade',1),(786,'6920602','Atividades de consultoria e auditoria contábil e tributária',1),(787,'7111100','Serviços de arquitetura',1),(788,'7112000','Serviços de engenharia',1),(789,'7119701','Serviços de cartografia, topografia e geodésia',1),(790,'7119702','Atividades de estudos geológicos',1),(791,'7120100','Testes e análises técnicas',1),(792,'7311400','Agências de publicidade',1),(793,'7319001','Criação de estandes para feiras e exposições',1),(794,'7319002','Promoção de vendas',1),(795,'7319003','Marketing direto',1),(796,'7319004','Consultoria em publicidade',1),(797,'7320300','Pesquisas de mercado e de opinião pública',1),(798,'7320300','- Pesquisas de mercado e de opinião pública',1),(799,'7410202','Design de interiores',1),(800,'7410203','- Design de produto',1),(801,'7410203','Desing de produto',1),(802,'7410299','Atividades de desing não especificadas anteriormente',1),(803,'7420002','Atividades de produção de fotografias aéreas e submarinas',1),(804,'7420003','Laboratórios fotográficos',1),(805,'7420004','Filmagem de festas e eventos',1),(806,'7420005','Serviços de microfilmagem',1),(807,'7490101','Serviços de tradução, interpretação e similares',1),(808,'7490102','Escafandria e mergulho',1),(809,'7500100','Atividades veterinárias',1),(810,'7711000','Locação de automóveis sem condutor',1),(811,'7711000','Locação de automóveis sem condutor',1),(812,'7719502','Locação de aeronaves sem tripulação',1),(813,'7721700','Aluguel de equipamentos recreativos e esportivos',1),(814,'7722500','Aluguel de fitas de vídeo, DVDs e similares',1),(815,'7723300','Aluguel de objetos do vestuário, jóias e acessórios',1),(816,'7729201','Aluguel de aparelhos de jogos eletrônicos',1),(817,'7729203','Aluguel de material médico',1),(818,'7731400','Aluguel de máquinas e equipamentos agrícolas sem operador',1),(819,'7731400','Aluguel de máquinas e equipamentos agrícolas sem operador',1),(820,'7732202','Aluguel de andaimes',1),(821,'7733100','Aluguel de máquinas e equipamentos para escritório',1),(822,'7733100','- Aluguel de máquinas e equipamentos para escritórios',1),(823,'7740300','- Gestão de ativos intangíveis não-financeiros',1),(824,'7740300','Gestão de ativos intangíveis não financeiros',1),(825,'7810800','Seleção e agenciamento de mão-de-obra',1),(826,'7810800','Seleção e agenciamento de mão de obra',1),(827,'7820500','- Locação de mão-de-obra temporária',1),(828,'7820500','Locação de mão de obra temporária',1),(829,'7830200','Fornecimento e gestão de recursos humanos para terceiros',1),(830,'7911200','Agências de viagens',1),(831,'7912100','Operadores turísticos',1),(832,'8011101','Atividades de vigilância e segurança privada',1),(833,'8011102','Serviços de adestramento de cães de guarda',1),(834,'8012900','Atividades de transporte de valores',1),(835,'8020002','Outras atividades de serviços de segurança',1),(836,'8030700','Atividades de investigação particular',1),(837,'8112500','Condomínios prediais',1),(838,'8121400','Limpeza em prédios e em domicílios',1),(839,'8122200','Imunização e controle de pragas urbanas',1),(840,'8129000','Atividades de limpeza não especificadas anteriormente',1),(841,'8130300','Atividades paisagísticas',1),(842,'8211300','Serviços combinados de escritório e apoio administrativo',1),(843,'8219901','Fotocópias',1),(844,'8220210','Atividades de teleatendimento',1),(845,'8230002','Casas de festas e eventos',1),(846,'8291100','- Atividades de cobranças e informações cadastrais',1),(847,'8291100','Atividades de cobrança e informações cadastrais',1),(848,'8292000','Envasamento e empacotamento sob contrato',1),(849,'8299701','Medição de consumo de energia elétrica, gás e água',1),(850,'8299702','Emissão de vales-alimentação, vales-transporte e similares',1),(851,'8299703','Serviços de gravação de carimbos, exceto confecção',1),(852,'8299704','Leiloeiros independentes',1),(853,'8299705','Serviços de levantamento de fundos sob contrato',1),(854,'8299706','Casas lotéricas',1),(855,'8299707','Salas de acesso à Internet',1),(856,'8411600','Administração pública em geral',1),(857,'8413200','Regulação das atividades econômicas',1),(858,'8421300','Relações exteriores',1),(859,'8422100','Defesa',1),(860,'8422100','- Defesa',1),(861,'8423000','Justiça',1),(862,'8424800','Segurança e ordem pública',1),(863,'8425600','Defesa Civil',1),(864,'8430200','Seguridade social obrigatória',1),(865,'8511200','Educação infantil - creche',1),(866,'8512100','Educação infantil - pré-escola',1),(867,'8513900','Ensino fundamental',1),(868,'8520100','Ensino médio',1),(869,'8520100','Ensino médio',1),(870,'8531700','Educação superior - graduação',1),(871,'8532500','Educação superior - graduação e pós-graduação',1),(872,'8533300','Educação superior - pós-graduação e extensão',1),(873,'8541400','Educação profissional de nível técnico',1),(874,'8541400','- Educação profissional de nível técnico',1),(875,'8542200','Educação profissional de nível tecnológico',1),(876,'8550301','Administração de caixas escolares',1),(877,'8550302','Atividades de apoio à educação, exceto caixas escolares',1),(878,'8591100','Ensino de esportes',1),(879,'8592901','Ensino de dança',1),(880,'8592902','Ensino de artes cênicas, exceto dança',1),(881,'8592903','Ensino de música',1),(882,'8592999','Ensino de arte e cultura não especificado anteriormente',1),(883,'8593700','Ensino de idiomas',1),(884,'8599601','Formação de condutores',1),(885,'8599602','Cursos de pilotagem',1),(886,'8599603','Treinamento em informática',1),(887,'8599604','Treinamento em desenvolvimento profissional e gerencial',1),(888,'8599605','Cursos preparatórios para concursos',1),(889,'8599699','Outras atividades de ensino não especificadas anteriormente',1),(890,'8599699','Outras atividades de ensino não especificadas anteriormente',1),(891,'8621601','UTI móvel',1),(892,'8630503','Atividade médica ambulatorial restrita a consultas',1),(893,'8630504','Atividade odontológica',1),(894,'8630506','Serviços de vacinação e imunização humana',1),(895,'8630507','Atividades de reprodução humana assistida',1),(896,'8640201','Laboratórios de anatomia patológica e citológica',1),(897,'8640202','Laboratórios clínicos',1),(898,'8640203','Serviços de diálise e nefrologia',1),(899,'8640204','Serviços de tomografia',1),(900,'8640206','Serviços de ressonância magnética',1),(901,'8640210','Serviços de quimioterapia',1),(902,'8640211','Serviços de radioterapia',1),(903,'8640212','Serviços de hemoterapia',1),(904,'8640213','Serviços de litotripsia',1),(905,'8640214','Serviços de bancos de células e tecidos humanos',1),(906,'8650001','Atividades de enfermagem',1),(907,'8650002','Atividades de profissionais da nutrição',1),(908,'8650003','Atividades de psicologia e psicanálise',1),(909,'8650004','Atividades de fisioterapia',1),(910,'8650005','Atividades de terapia ocupacional',1),(911,'8650006','Atividades de fonoaudiologia',1),(912,'8650007','Atividades de terapia de nutrição enteral e parenteral',1),(913,'8660700','Atividades de apoio à gestão de saúde',1),(914,'8690902','Atividades de bancos de leite humano',1),(915,'8690903','Atividades de acupuntura',1),(916,'8690904','Atividades de podologia',1),(917,'8711501','Clínicas e residências geriátricas',1),(918,'8711502','Instituições de longa permanência para idosos',1),(919,'8711504','Centros de apoio a pacientes com câncer e com AIDS',1),(920,'8711505','Condomínios residenciais para idosos',1),(921,'8720401','Atividades de centros de assistência psicossocial',1),(922,'8730101','Orfanatos',1),(923,'8730102','Albergues assistenciais',1),(924,'8800600','Serviços de assistência social sem alojamento',1),(925,'8800600','- Serviços de assistência social sem alojamento',1),(926,'9001901','Produção teatral',1),(927,'9001902','Produção musical',1),(928,'9001903','Produção de espetáculos de dança',1),(929,'9001904','Produção de espetáculos circenses, de marionetes e similares',1),(930,'9001905','Produção de espetáculos de rodeios, vaquejadas e similares',1),(931,'9001906','Atividades de sonorização e de iluminação',1),(932,'9002702','Restauração de obras de arte',1),(933,'9101500','Atividades de bibliotecas e arquivos',1),(934,'9102302','Restauração e conservação de lugares e prédios históricos',1),(935,'9200301','Casas de bingo',1),(936,'9200302','Exploração de apostas em corridas de cavalos',1),(937,'9311500','Gestão de instalações de esportes',1),(938,'9312300','Clubes sociais, esportivos e similares',1),(939,'9313100','Atividades de condicionamento físico',1),(940,'9319101','Produção e promoção de eventos esportivos',1),(941,'9319101','Produção e promoção de eventos esportivos',1),(942,'9319199','Outras atividades esportivas não especificadas anteriormente',1),(943,'9321200','Parques de diversão e parques temáticos',1),(944,'9329801','Discotecas, danceterias, salões de dança e similares',1),(945,'9329802','Exploração de boliches',1),(946,'9329803','Exploração de jogos de sinuca, bilhar e similares',1),(947,'9329804','Exploração de jogos eletrônicos recreativos',1),(948,'9412001','Atividades de fiscalização profissional',1),(949,'9412099','Outras atividades associativas profissionais',1),(950,'9420100','Atividades de organizações sindicais',1),(951,'9430800','Atividades de associações de defesa de direitos sociais',1),(952,'9491000','Atividades de organizações religiosas ou filosóficas',1),(953,'9492800','Atividades de organizações políticas',1),(954,'9499500','Atividades associativas não especificadas anteriormente',1),(955,'9499500','- Atividades associativas não especificadas anteriormente',1),(956,'9512600','Reparação e manutenção de equipamentos de comunicação',1),(957,'9529101','Reparação de calçados, bolsas e artigos de viagem',1),(958,'9529102','Chaveiros',1),(959,'9529103','Reparação de relógios',1),(960,'9529105','Reparação de artigos do mobiliário',1),(961,'9529105','- Reparação de artigos do mobiliário',1),(962,'9529106','Reparação de jóias',1),(963,'9601701','Lavanderias',1),(964,'9601702','Tinturarias',1),(965,'9601702','- Tinturarias',1),(966,'9601703','Toalheiros',1),(967,'9602501','Cabeleireiros',1),(968,'9602501','Cabeleireiros, manicure e pedicure',1),(969,'9603301','Gestão e manutenção de cemitérios',1),(970,'9603302','Serviços de cremação',1),(971,'9603303','Serviços de sepultamento',1),(972,'9603304','Serviços de funerárias',1),(973,'9603305','Serviços de somatoconservação',1),(974,'9609202','Agências matrimoniais',1),(975,'9609205','Atividades de sauna e banhos',1),(976,'9609206','Serviços de tatuagem e colocação de piercing',1),(977,'9609207','Alojamento de animais domésticos',1),(978,'9609208','Higiene e embelezamento de animais domésticos',1),(979,'9700500','Serviços domésticos',1),(980,'990403','- Atividades de apoio à extração de minerais não-metálicos',1);
/*!40000 ALTER TABLE `cnae` ENABLE KEYS */;
UNLOCK TABLES;

--
-- Table structure for table `credit`
--

DROP TABLE IF EXISTS `credit`;
/*!40101 SET @saved_cs_client     = @@character_set_client */;
/*!50503 SET character_set_client = utf8mb4 */;
CREATE TABLE `credit` (
  `id` int(11) NOT NULL AUTO_INCREMENT,
  `oms_id` int(11) NOT NULL,
  `credit_note` varchar(50) NOT NULL,
  `value` float(9,2) DEFAULT NULL,
  `created_at` datetime NOT NULL,
  `updated_at` datetime NOT NULL,
  `isActive` tinyint(4) DEFAULT NULL,
  PRIMARY KEY (`id`),
  KEY `fk_credit_oms_idx` (`oms_id`),
  CONSTRAINT `fk_credit_oms` FOREIGN KEY (`oms_id`) REFERENCES `oms` (`id`)
) ENGINE=InnoDB AUTO_INCREMENT=3 DEFAULT CHARSET=utf8;
/*!40101 SET character_set_client = @saved_cs_client */;

--
-- Dumping data for table `credit`
--

LOCK TABLES `credit` WRITE;
/*!40000 ALTER TABLE `credit` DISABLE KEYS */;
INSERT INTO `credit` VALUES (1,1,'Lei nº 8.666/1993',17600.00,'2022-06-15 00:00:00','2022-06-15 00:00:00',1),(2,1,'Lei nº 14.133/2021',50000.00,'2022-06-15 00:00:00','2022-06-15 00:00:00',1);
/*!40000 ALTER TABLE `credit` ENABLE KEYS */;
UNLOCK TABLES;

--
-- Table structure for table `credit_historic`
--

DROP TABLE IF EXISTS `credit_historic`;
/*!40101 SET @saved_cs_client     = @@character_set_client */;
/*!50503 SET character_set_client = utf8mb4 */;
CREATE TABLE `credit_historic` (
  `id` int(11) NOT NULL AUTO_INCREMENT,
  `operation_type` varchar(20) NOT NULL DEFAULT 'CREDITO',
  `value` float(9,2) NOT NULL,
  `observation` varchar(100) DEFAULT NULL,
  `created_at` datetime NOT NULL,
  `credit_id` int(11) NOT NULL,
  PRIMARY KEY (`id`),
  KEY `fk_credit_historic_credit1_idx` (`credit_id`),
  CONSTRAINT `fk_credit_historic_credit1` FOREIGN KEY (`credit_id`) REFERENCES `credit` (`id`)
) ENGINE=InnoDB AUTO_INCREMENT=8 DEFAULT CHARSET=utf8mb4 COLLATE=utf8mb4_0900_ai_ci;
/*!40101 SET character_set_client = @saved_cs_client */;

--
-- Dumping data for table `credit_historic`
--

LOCK TABLES `credit_historic` WRITE;
/*!40000 ALTER TABLE `credit_historic` DISABLE KEYS */;
INSERT INTO `credit_historic` VALUES (2,'CREDITO',17600.00,'CREDITO','2022-07-19 00:00:00',1),(3,'CREDITO',50000.00,'CREDITO NOVO','2022-07-19 00:00:00',2),(6,'DEBITO',5000.00,'DÉBITO DE R$ 5.000,00; REFERENTE AO DOCUMENTO 123456789','2022-07-19 23:17:54',1),(7,'DEBITO',5000.00,'DÉBITO DE R$ 5.000,00; REFERENTE AO DOCUMENTO 405923','2022-07-22 22:02:33',1);
/*!40000 ALTER TABLE `credit_historic` ENABLE KEYS */;
UNLOCK TABLES;

--
-- Table structure for table `historic_status_registers`
--

DROP TABLE IF EXISTS `historic_status_registers`;
/*!40101 SET @saved_cs_client     = @@character_set_client */;
/*!50503 SET character_set_client = utf8mb4 */;
CREATE TABLE `historic_status_registers` (
  `id` int(11) NOT NULL AUTO_INCREMENT,
  `registers_id` int(11) NOT NULL,
  `users_id` int(11) NOT NULL,
  `status_id` int(11) NOT NULL,
  `resulting_document` varchar(30) DEFAULT NULL,
  `user_name` varchar(50) NOT NULL,
  `date_action` datetime NOT NULL,
  `observation` text,
  PRIMARY KEY (`id`),
  KEY `fk_historic_status_registers_1_idx` (`registers_id`),
  KEY `fk_historic_status_registers_2_idx` (`users_id`),
  CONSTRAINT `fk_historic_status_registers_1` FOREIGN KEY (`registers_id`) REFERENCES `registers` (`id`),
  CONSTRAINT `fk_historic_status_registers_2` FOREIGN KEY (`users_id`) REFERENCES `users_login` (`id`)
) ENGINE=InnoDB AUTO_INCREMENT=9 DEFAULT CHARSET=utf8mb4 COLLATE=utf8mb4_0900_ai_ci;
/*!40101 SET character_set_client = @saved_cs_client */;

--
-- Dumping data for table `historic_status_registers`
--

LOCK TABLES `historic_status_registers` WRITE;
/*!40000 ALTER TABLE `historic_status_registers` DISABLE KEYS */;
INSERT INTO `historic_status_registers` VALUES (1,4,1,18,NULL,'Administrator','2022-07-19 20:17:54',NULL),(2,4,1,7,'515646856','Administrator','2022-07-19 20:52:35',NULL),(3,4,1,4,'187498/2022','Administrator','2022-07-19 20:53:11',NULL),(4,5,1,18,'405923','Administrator','2022-07-22 19:02:33',NULL),(5,7,1,18,'4567898','Administrator','2022-07-23 11:57:37',NULL),(6,10,1,6,'54186','Administrator','2022-07-26 22:54:20',NULL),(7,11,1,21,'603050','Administrator','2022-07-26 22:55:31',NULL),(8,11,1,3,'---','Administrator','2022-07-26 23:06:25','Observação');
/*!40000 ALTER TABLE `historic_status_registers` ENABLE KEYS */;
UNLOCK TABLES;

--
-- Table structure for table `modality`
--

DROP TABLE IF EXISTS `modality`;
/*!40101 SET @saved_cs_client     = @@character_set_client */;
/*!50503 SET character_set_client = utf8mb4 */;
CREATE TABLE `modality` (
  `id` int(11) NOT NULL AUTO_INCREMENT,
  `name` varchar(50) NOT NULL,
  `isActive` tinyint(4) DEFAULT NULL,
  PRIMARY KEY (`id`)
) ENGINE=InnoDB AUTO_INCREMENT=7 DEFAULT CHARSET=utf8;
/*!40101 SET character_set_client = @saved_cs_client */;

--
-- Dumping data for table `modality`
--

LOCK TABLES `modality` WRITE;
/*!40000 ALTER TABLE `modality` DISABLE KEYS */;
INSERT INTO `modality` VALUES (1,'Dispensa de Licitação',1),(2,'Pregão Eletrônico',1),(3,'Concorrência',1),(4,'Tomada de Preços',1),(5,'TJDL',1),(6,'TJIL',1);
/*!40000 ALTER TABLE `modality` ENABLE KEYS */;
UNLOCK TABLES;

--
-- Table structure for table `nature_expense`
--

DROP TABLE IF EXISTS `nature_expense`;
/*!40101 SET @saved_cs_client     = @@character_set_client */;
/*!50503 SET character_set_client = utf8mb4 */;
CREATE TABLE `nature_expense` (
  `id` int(11) NOT NULL AUTO_INCREMENT,
  `name` varchar(60) NOT NULL,
  `isActive` tinyint(4) DEFAULT NULL,
  PRIMARY KEY (`id`)
) ENGINE=InnoDB AUTO_INCREMENT=2 DEFAULT CHARSET=utf8;
/*!40101 SET character_set_client = @saved_cs_client */;

--
-- Dumping data for table `nature_expense`
--

LOCK TABLES `nature_expense` WRITE;
/*!40000 ALTER TABLE `nature_expense` DISABLE KEYS */;
INSERT INTO `nature_expense` VALUES (1,'339030 - Material Comum',1);
/*!40000 ALTER TABLE `nature_expense` ENABLE KEYS */;
UNLOCK TABLES;

--
-- Table structure for table `oms`
--

DROP TABLE IF EXISTS `oms`;
/*!40101 SET @saved_cs_client     = @@character_set_client */;
/*!50503 SET character_set_client = utf8mb4 */;
CREATE TABLE `oms` (
  `id` int(11) NOT NULL AUTO_INCREMENT,
  `name` varchar(100) DEFAULT NULL,
  `naval_indicative` varchar(6) DEFAULT NULL,
  `isActive` tinyint(4) DEFAULT NULL,
  PRIMARY KEY (`id`)
) ENGINE=InnoDB AUTO_INCREMENT=25 DEFAULT CHARSET=utf8;
/*!40101 SET character_set_client = @saved_cs_client */;

--
-- Dumping data for table `oms`
--

LOCK TABLES `oms` WRITE;
/*!40000 ALTER TABLE `oms` DISABLE KEYS */;
INSERT INTO `oms` VALUES (1,'OM PADRAO','OMPADR',1),(2,'Centro Intendência da Marinha em Niterói','CITNIT',1),(3,'NAVIO-AERÓDROMO MULTIPROPÓSITO ATLÂNTICO','NAMATL',1),(4,'FRAGATA RADEMAKER','FRADEM',1),(5,'NAVIO-TANQUE ALMIRANTE GASTÃO MOTTA','NTGMTA',1),(6,'CORVETA BARROSO','CVBARR',1),(7,'NAVIO VELEIRO CISNE BRANCO','NVECBR',1),(8,'NAVIO-ESCOLA BRASIL','NEBRSL',1),(9,'FRAGATA LIBERAL','FLIBER',1),(10,'NAVIO DE DESEMBARQUE DE CARROS DE COMBATE ALMIRANTE SABOIA','NDCCSB',1),(11,'FRAGATA INDEPENDÊNCIA','FINDEP',1),(12,'NAVIO DE DESEMBARQUE DE CARROS DE COMBATE MATTOSO MAIA','NDCCMM',1),(13,'FRAGATA DEFENSORA','FDEFEN',1),(14,'FRAGATA UNIÃO','FUNIAO',1),(15,'CORVETA JULIO DE NORONHA','CVJULI',1),(16,'FRAGATA GREENHALHG ','FGREEN',1),(17,'FRAGATA CONSTITUIÇÃO ','FCONST',1),(18,'NAVIO DOCA MULTIPROPÓSITO BAHIA ','NDMPBA',1),(19,'SUBMARINO TUPI','SBTUPI',1),(20,'SUBMARINO TAMOIO','SBTMOI',1),(21,'SUBMARINO TIKUNA','SBKUNA',1),(22,'NAVIO DE SOCORRO SUBMARINO GUILLOBEL','NSSBEL',1),(23,'RbAMTritao','RTRTAO',1),(24,'CORVETA CABOCLO','CVCBCL',1);
/*!40000 ALTER TABLE `oms` ENABLE KEYS */;
UNLOCK TABLES;

--
-- Table structure for table `process_type`
--

DROP TABLE IF EXISTS `process_type`;
/*!40101 SET @saved_cs_client     = @@character_set_client */;
/*!50503 SET character_set_client = utf8mb4 */;
CREATE TABLE `process_type` (
  `id` int(11) NOT NULL AUTO_INCREMENT,
  `name` varchar(40) NOT NULL,
  `isActive` tinyint(4) DEFAULT NULL,
  PRIMARY KEY (`id`)
) ENGINE=InnoDB AUTO_INCREMENT=3 DEFAULT CHARSET=utf8;
/*!40101 SET character_set_client = @saved_cs_client */;

--
-- Dumping data for table `process_type`
--

LOCK TABLES `process_type` WRITE;
/*!40000 ALTER TABLE `process_type` DISABLE KEYS */;
INSERT INTO `process_type` VALUES (1,'SOLEMP',1),(2,'Dispensa Eletrônica',1);
/*!40000 ALTER TABLE `process_type` ENABLE KEYS */;
UNLOCK TABLES;

--
-- Table structure for table `registers`
--

DROP TABLE IF EXISTS `registers`;
/*!40101 SET @saved_cs_client     = @@character_set_client */;
/*!50503 SET character_set_client = utf8mb4 */;
CREATE TABLE `registers` (
  `id` int(11) NOT NULL AUTO_INCREMENT,
  `document_number` varchar(20) NOT NULL,
  `summary_object` varchar(100) NOT NULL,
  `bidding_process_number` varchar(15) DEFAULT NULL,
  `document_value` float(9,4) NOT NULL,
  `oms_id` int(11) NOT NULL,
  `modality_id` int(11) NOT NULL,
  `credit_id` int(11) DEFAULT NULL,
  `suppliers_id` int(11) NOT NULL,
  `nature_expense_id` int(11) DEFAULT NULL,
  `biddings_id` int(11) DEFAULT NULL,
  `sub_item` int(11) DEFAULT NULL,
  `article` int(11) DEFAULT NULL,
  `incisive` int(11) DEFAULT NULL,
  `cnae` varchar(30) DEFAULT NULL,
  `cnpj` varchar(20) DEFAULT NULL,
  `status_id` int(11) NOT NULL,
  `number_arp` varchar(50) DEFAULT NULL,
  `item_arp` varchar(50) DEFAULT NULL,
  `created_at` datetime DEFAULT NULL,
  `updated_at` datetime DEFAULT NULL,
  `isActive` tinyint(4) DEFAULT NULL,
  PRIMARY KEY (`id`),
  KEY `fk_registers_oms_idx` (`oms_id`),
  KEY `fk_registers_modality1_idx` (`modality_id`),
  KEY `fk_registers_credit1_idx` (`credit_id`),
  KEY `fk_registers_suppliers1_idx` (`suppliers_id`),
  KEY `fk_registers_nature_expense1_idx` (`nature_expense_id`),
  KEY `fk_registers_status1_idx` (`status_id`),
  KEY `fk_registers_biddings1_idx` (`biddings_id`),
  CONSTRAINT `fk_registers_biddings1` FOREIGN KEY (`biddings_id`) REFERENCES `biddings` (`id`),
  CONSTRAINT `fk_registers_credit1` FOREIGN KEY (`credit_id`) REFERENCES `credit` (`id`),
  CONSTRAINT `fk_registers_modality1` FOREIGN KEY (`modality_id`) REFERENCES `modality` (`id`),
  CONSTRAINT `fk_registers_nature_expense1` FOREIGN KEY (`nature_expense_id`) REFERENCES `nature_expense` (`id`),
  CONSTRAINT `fk_registers_oms` FOREIGN KEY (`oms_id`) REFERENCES `oms` (`id`),
  CONSTRAINT `fk_registers_status1` FOREIGN KEY (`status_id`) REFERENCES `status` (`id`),
  CONSTRAINT `fk_registers_suppliers1` FOREIGN KEY (`suppliers_id`) REFERENCES `suppliers` (`id`)
) ENGINE=InnoDB AUTO_INCREMENT=12 DEFAULT CHARSET=utf8;
/*!40101 SET character_set_client = @saved_cs_client */;

--
-- Dumping data for table `registers`
--

LOCK TABLES `registers` WRITE;
/*!40000 ALTER TABLE `registers` DISABLE KEYS */;
INSERT INTO `registers` VALUES (4,'123456789','Teste','102030',5000.0000,1,1,1,13,1,NULL,10,24,2,'12356','70.439.426/0001-21',18,'405060','708090','2022-07-19 23:17:54','2022-07-19 23:17:54',1),(5,'405923','Test','526305',5000.0000,1,1,1,1,1,NULL,10,24,1,'12356','70.439.426/0001-21',18,'7891','65121','2022-07-22 22:02:33','2022-07-22 22:02:33',1),(6,'4567898','Teste',NULL,500.0000,1,2,NULL,138,NULL,13,NULL,NULL,NULL,NULL,'01.220.638/0001-09',18,'152535','456598','2022-07-23 14:56:44','2022-07-23 14:56:44',1),(7,'4567898','Teste',NULL,500.0000,1,2,NULL,138,NULL,13,NULL,NULL,NULL,NULL,'01.220.638/0001-09',18,'152535','456598','2022-07-23 14:57:37','2022-07-23 14:57:37',1),(8,'54186','Test',NULL,5000.0000,1,2,NULL,52,NULL,14,NULL,NULL,NULL,NULL,'03.550.055/0001-63',6,'152535','304050','2022-07-27 01:42:13','2022-07-27 01:42:13',1),(9,'54186','Test',NULL,5000.0000,1,2,NULL,52,NULL,14,NULL,NULL,NULL,NULL,'03.550.055/0001-63',6,'152535','304050','2022-07-27 01:45:59','2022-07-27 01:45:59',1),(10,'54186','Test',NULL,5000.0000,1,2,NULL,52,NULL,14,NULL,NULL,NULL,NULL,'03.550.055/0001-63',6,'152535','304050','2022-07-27 01:54:20','2022-07-27 01:54:20',1),(11,'603050','Teste',NULL,500.0000,1,2,NULL,52,NULL,14,NULL,NULL,NULL,NULL,'03.550.055/0001-63',21,'405060','555','2022-07-27 01:55:31','2022-07-27 01:55:31',1);
/*!40000 ALTER TABLE `registers` ENABLE KEYS */;
UNLOCK TABLES;

--
-- Table structure for table `registers_items`
--

DROP TABLE IF EXISTS `registers_items`;
/*!40101 SET @saved_cs_client     = @@character_set_client */;
/*!50503 SET character_set_client = utf8mb4 */;
CREATE TABLE `registers_items` (
  `id` int(11) NOT NULL AUTO_INCREMENT,
  `registers_id` int(11) NOT NULL,
  `number` int(8) DEFAULT NULL,
  `name` varchar(256) NOT NULL,
  `uf` varchar(4) NOT NULL,
  `quantity` float(9,3) NOT NULL COMMENT 'Quantidade solicitada',
  `delivered` float(9,3) NOT NULL COMMENT 'Quantidade entregue',
  `value` float(9,2) NOT NULL,
  PRIMARY KEY (`id`),
  KEY `fk_requests_items_registers_idx` (`registers_id`),
  CONSTRAINT `fk_requests_items_registers` FOREIGN KEY (`registers_id`) REFERENCES `registers` (`id`)
) ENGINE=InnoDB AUTO_INCREMENT=10 DEFAULT CHARSET=utf8 COMMENT='Items das solicitações';
/*!40101 SET character_set_client = @saved_cs_client */;

--
-- Dumping data for table `registers_items`
--

LOCK TABLES `registers_items` WRITE;
/*!40000 ALTER TABLE `registers_items` DISABLE KEYS */;
INSERT INTO `registers_items` VALUES (1,7,2,'ABÓBORA PESCOÇO OU BRANCA','KG',100.000,100.000,1.37),(2,7,6,'AIPIM COMUM','KG',200.000,200.000,1.49),(3,7,10,'BATATA COMUM, ESPECIAL','KG',150.000,150.000,1.39),(4,8,2,'ABÓBORA PESCOÇO OU BRANCA','KG',10.000,10.000,1.37),(5,9,2,'ABÓBORA PESCOÇO OU BRANCA','KG',10.000,10.000,1.37),(6,10,2,'ABÓBORA PESCOÇO OU BRANCA','KG',10.000,10.000,1.37),(7,10,5,'Pao Doce','UN',20.000,20.000,1.50),(8,11,2,'ABÓBORA PESCOÇO OU BRANCA','KG',15.000,15.000,1.37),(9,11,5,'Pao Doce','UN',15.000,15.000,1.50);
/*!40000 ALTER TABLE `registers_items` ENABLE KEYS */;
UNLOCK TABLES;

--
-- Table structure for table `status`
--

DROP TABLE IF EXISTS `status`;
/*!40101 SET @saved_cs_client     = @@character_set_client */;
/*!50503 SET character_set_client = utf8mb4 */;
CREATE TABLE `status` (
  `id` int(11) NOT NULL AUTO_INCREMENT,
  `name` varchar(40) NOT NULL,
  `description` varchar(60) DEFAULT NULL,
  `isActive` tinyint(4) DEFAULT NULL,
  PRIMARY KEY (`id`)
) ENGINE=InnoDB AUTO_INCREMENT=23 DEFAULT CHARSET=utf8;
/*!40101 SET character_set_client = @saved_cs_client */;

--
-- Dumping data for table `status`
--

LOCK TABLES `status` WRITE;
/*!40000 ALTER TABLE `status` DISABLE KEYS */;
INSERT INTO `status` VALUES (1,'PROT. OBT.','PROTOCOLADO NA OBTENÇÃO',1),(2,'PROT. EXE.','PROTOCOLADO NA EXECUÇÃO',1),(3,'ENV. EXE.','ENVIADO PARA EXECUÇÃO',1),(4,'EMPENHADO','DATA EM QUE O DOCUMENTO FOI EMPENHADO',1),(5,'DEV. OBT','DEVOLVIDO À OBTENÇÃO',1),(6,'DEV. EXE.','DEVOLVIDO À EXECUÇÃO FINANCEIRA',1),(7,'ASSINADO','DATA EM QUE O DOCUMENTO FOI ASSINADO',1),(8,'ENV. NE OM','NOTA DE EMPENHO ENVIADO PARA A OM DE ORIGEM',1),(9,'DEV. OM','DEVOLVIDO À OM DE ORIGEM',1),(10,'NF ENT. EXE.','DATA DE ENTREGA DA NOTA FISCAL NA EXECUÇÃO FINANCEIRA',1),(11,'NR DA NF','NÚMERO DA NOTA FISCAL',1),(12,'NF LIQ.','NOTA FISCAL LIQUIDADA',1),(13,'NF SOL. REC.','SOLICITAÇÃO DE RECURSO PARA PAGAMENTO',1),(14,'NR DA PF','NÚMERO DA PROGRAMAÇÃO FINANCEIRA',1),(15,'NF PAGA','NOTA FISCAL PAGA',1),(16,'NR DA OB','NÚMERO DA ORDEM BANCÁRIA',1),(17,'NR DA NE','NÚMERO DA NOTA DE EMPENHO',1),(18,'ASS. CP.','DATA DA ASSINATURA DA CP',1),(19,'ENT. SECOM','DATA DE ENTRADA NA SECOM - CeIMBe',1),(20,'ENT. POSTAL','DATA DE ENTREGA NA POSTAL',1),(21,'ENT. OPERADOR','DATA DE ENTREGA PARA O OPERADOR SIAFI',1),(22,'PARA ASS.','DOCUMENTO ENVIADO PARA ASSINATURA',1);
/*!40000 ALTER TABLE `status` ENABLE KEYS */;
UNLOCK TABLES;

--
-- Table structure for table `suppliers`
--

DROP TABLE IF EXISTS `suppliers`;
/*!40101 SET @saved_cs_client     = @@character_set_client */;
/*!50503 SET character_set_client = utf8mb4 */;
CREATE TABLE `suppliers` (
  `id` int(11) NOT NULL AUTO_INCREMENT,
  `name` varchar(100) NOT NULL,
  `cnpj` varchar(18) DEFAULT NULL,
  `details` varchar(256) DEFAULT NULL,
  PRIMARY KEY (`id`)
) ENGINE=InnoDB AUTO_INCREMENT=210 DEFAULT CHARSET=utf8mb4 COLLATE=utf8mb4_0900_ai_ci COMMENT='Fornecedores';
/*!40101 SET character_set_client = @saved_cs_client */;

--
-- Dumping data for table `suppliers`
--

LOCK TABLES `suppliers` WRITE;
/*!40000 ALTER TABLE `suppliers` DISABLE KEYS */;
INSERT INTO `suppliers` VALUES (1,'PADARIA e CONFEITARIA FLOR DO BRASIL LTDA','42.509.174/0001-24','ENDEREÇO: Av. Dom Helder Câmara no. 35-F – Benfica - Rio de Janeiro - RJ&#10;CEP: 20911-290&#10;CNPJ: 42.509.174/0001-24&#10;REPRESENTANTE: Sr. Henrique Loureiro Monteiro&#10;TELEFONE: 3890-2390 e 3890-4506&#10;E-MAIL: adm@flordobrasil.com.br'),(2,'DISTRIBUIDORA KARDU DE ALIMENTOS LTDA','30.806.616/0001-15','ENDEREÇO: R. Capitão Félix, 110, Rua 03, Lojas 18 a 22, CADEG, São Cristóvão, Rio de&#10;Janeiro/RJ&#10;CEP: 20.920-310&#10;REPRESENTANTE: Sr. Carlos Alberto de Jesus Araripe Pereira&#10;TELEFONE: 2428-3640&#10;E-MAIL: kardu.atendimento@terra.com.br '),(3,'KRAFT ALIMENTOS LTDA','97.413.058/0001-07','ENDEREÇO: Rua d0 Arroz, 71, Mercado S. Sebastião, Rio de Janeiro - RJ.&#10;CEP: 21.011-100&#10;REPRESENTANTE: Sr. Maurício&#10;TELEFONE: . 2584-0088&#10;E-MAIL: kraftcmw@ig.com.br'),(4,'ERMAR ALIMENTOS LTDA','27.051.838/0001-60','ENDEREÇO: Av. Brasil, 19.001 Pav. 13 – Boxes 05 a 10, 12 e 14 - Ceasa - Coelho Neto, Rio de&#10;Janeiro – RJ&#10;TELEFAX: 3014-7500&#10;CEP: 21.530-001&#10;REPRESENTANTE: Sr. José Fernando&#10;E-MAIL: ermar@uol.com.br'),(5,'LAMIR RIO COMERCIO DISTRIBUIÇÃO E SERVIÇOS LTDA','04.658.138/0001-33','ENDEREÇO: Rua: Fernandes Pinheiro, 10 – Penha, Rio de Janeiro – RJ&#10;CEP: 21.020-030&#10;REPRESENTANTE: Sra. Ana Maria&#10;TELEFONE.: 3888-4568&#10;E-MAIL: lamirio@bol.com.br'),(6,'LC COMERCIAL LTDA','72.649.486/0001-02','ENDEREÇO: Rua do Arroz, 90 - sala 460 - Mercado São Sebastião - Rio de janeiro - RJ&#10;CEP: 21019-900.&#10;REPRESENTANTE: Sra. Francelle&#10;Celular: 9808790&#10;TELEFAX: 2584-6487&#10;E-MAIL: lc02@uol.com.br&#10;'),(7,'INDUSTRIA DE PÃO SÃO VICTOR DE LUCAS LTDA','04.084.316/0001-60','ENDEREÇO: Rua Aguapé, no 07 Parada de Lucas - RJ&#10;CEP: 21010-080&#10;REPRESENTANTE: Sr. Gilmar Pires&#10;TEL: 9246-1462&#10;TELEFAX: 3137-0476/3341-5848/3137-0792&#10;E-MAIL: pirese@ig.com.br'),(8,'MARILANGE COM. E DIST. DE PRODUTOS ALIM. LTDA','03.367.904/0001-48','ENDEREÇO: Av. Brasil, 19001 PAV 14 Box 32 a 34 Irajá Rio de Janeiro - RJ&#10;CEP: 21530-000&#10;REPRESENTANTE: Sra Aline dos Santos Kamaroff&#10;TELEFAX: 3371-0366 / 2473-2170 / 3014-7476 / 2471-8402&#10;E-MAIL: marilange@veloxmail.com.br'),(9,'HORTIFRUTI POMAR VERDE DA ROÇA LTDA','05.128.409/0001-01','ENDEREÇO: Rua Andrade Figueira, 64 Loja A – Madureira - RJ&#10;CEP: 21.060.100&#10;REPRESENTANTE: Sr. Paulo Henrique&#10;TEL: 3186-5898&#10;'),(10,'BOTA NO PÃO COMÉRCIO LTDA','02.320.241/0001-43','ENDEREÇO: Rua Adolfo Bergamini, 90-A Engenho de Dentro - RJ&#10;CEP: 20730-000&#10;REPRESENTANTE: Sr. Wallace Ferreira de Oliveira&#10;TELEFAX: 021-3376.5643/3371.4430&#10;E-MAIL: botanopao@zipmak.com.br'),(11,'NETOPAN IND/COM DE PRODUTOS ALIMENTÍCIOS LTDA','01.529.978/0001-08','ENDEREÇO: Estrada Nilo Peçanha, 895 _ Olinda - Nilopolis - RJ&#10;CEP: 26.545-200&#10;REPRESENTANTE: Sr. Ana Lúcia&#10;TELEFAX: 2791-5790 2691-6409 3761-1616&#10;E-MAIL: contato@sorvetesnetinho.com.br analucia@sorvetesnetinho.com.br'),(12,'CITRAL ALIMENTOS LTDA','02.333.688/0001-57','ENDEREÇO: Rua da Batata, 102 e 104 - Boxes - 43 e 44 - Penha - RJ&#10;CEP: 21011-020&#10;REPRESENTANTE: Sr. Madson Seixas Ferreira&#10;TELEFAX: 2584-3859&#10;FAX: 2584-3058/2880/1873&#10;E-MAIL: citral@bol.com.br'),(13,'MAR DO SUL ALIMENTOS LTDA','01.157.519/0001-40','ENDEREÇO: Rua Cap. Felix, 110 R - 02 LJ. 08 - Benfica - Rio de Janeiro - RJ.&#10;CEP: 20920-900&#10;REPRESENTANTE: Eliane Fontes de Mattos&#10;TELEFONE: 3860-8848&#10;FAX: 3860-8848 / 3860-4904&#10;E-MAIL: mardosul.alimentos@gmail.com'),(14,'COMERCIAL FRUTISFRU LTDA','01.854.951/0001-90','ENDEREÇO: Av. Brasil, 19.001 - Pavilhão 42 - Box 18 D Irajá - CEASA - RJ -&#10;CEP: 21530-000&#10;REPRESENTANTE: Sr. Luiz Ferreira - Celular - 9911 - 8452&#10;TEL: 3371-4366&#10;FAX: 3371-2133&#10;'),(15,'FORNECEDORA DE PRODUTO ALIMENTÍCIOS BEM FORTE LTDA','03.214.578/0001-39','ENDEREÇO: Rua Domingos Lopes, 508 Loja - 101 Madureira RJ&#10;CEP: 21310-120&#10;REPRESENTANTE: Sr. Eloy João Damicollor Sherner&#10;TELEFAX: 3018-7393'),(16,'FORNECEDORA THORI DE GÊNEROS ALIM. LTDA','28.863.843/0001-30','ENDEREÇO: Av. Brasil, no 19.001 = Pav - 72 Box - 03 Irajá - RJ&#10;CEP: 21539-900&#10;REPRESENTANTE: Sr. João Roberto Candido&#10;TELE: 3371-0288&#10;FAX: 2471-7625&#10;E-MAIL: thori@terra.com.br'),(17,'FRIGOCARNES CENTRAL DE PRODUTOS ALIMENTÍCIOS LTDA','39.630.496/0001-12','ENDEREÇO: Rodovia José Sette, Km 13 - Porto de Cariacica - Cariacica - ES&#10;CEP: 29156-650&#10;REPRESENTANTE: Sr. Elson Corrêa Dias&#10;TELEFAX: (27) 3254-9000&#10;E-MAIL: frigocarnes@terra.com.br'),(18,'DISTRIBUIDORA DE GÊNEROS ALIMENTICIOS VEREDA GRANDE RIO LTDA','04.750.594/0001-09','ENDEREÇO: Rua Capitão Felix, nr 110 - Rua 2 - loja 21 - Cadeg - Benfica - RJ&#10;CEP: 2090310&#10;REPRESENTANTE: Sr. Anderson da Silva&#10;TELEFAX: (21) 3860-0713 , 3860 0989 e 3860-0450'),(19,'IDÉIA VITAL COMÉRCIO DE ALIMENTOS LTDA','00.104.767/0001-60','ENDEREÇO: Rua: Capitão Félix, 110 – sala 334 – Benfica, Rio de Janeiro – RJ&#10;CEP: 20.920-310&#10;REPRESENTANTE: Ana Maria Passos de Oliveira&#10;TELEFAX: 21-3860-5293 - 21-3860-5253&#10;E-MAIL: ideiavital@ig.com.br'),(20,'DISTRIBUIDORA DE ALIMENTOS AMFER LTDA','02.522.915/0001-92','ENDEREÇO: R. Rolândia, 34 - A Higienópolis - Rio de Janeiro&#10;CEP- 21061-060&#10;REPRESENTANTE: Sr. Amilton Stryk - Tel.: 7834-3945TELEFAX: 3868-0377 3866-4587 3866-4759 FAX 3866-4828'),(21,'ALIFORTE ALIMENTOS LTDA','01.147.385/0001-87','ENDEREÇO: Rua do arroz, 71/71 A - Penha - RJ&#10;CEP: 21011-070&#10;REPRESENTANTE: Sr Mauricio&#10;TEL: 2584-1424&#10;FAX: 2676-8730'),(22,'MASAN COMERCIAL DISTRIBUIDORA LTDA','00.801.512/0001-57','ENDEREÇO: Rua Projetada A Lote 4 Quadra 7 - Figueira -Duque De Caxias - RJ&#10;CEP: 25240-130&#10;REPRESENTANTE: Sr Francisco Mantuano de Luca&#10;TEL: 2676-8730&#10;FAX: 2676-1286/4352'),(23,'PROSADI COMERCIAL EIRELI','05.007.267/0001-24','ENDEREÇO: Rua Capitão Félix, 110 - R - 02 L - 19 Benfica Rio de Janeiro RJ&#10;CEP: 20920-310&#10;REPRESENTANTE: Sra Maurício&#10;TELEFAX: 3890-0499 / 3860-0376/8404 / 2434 / 3580-0421&#10;E-MAIL: prosadi@veloxmail.com.br'),(24,'EXPRESS FOOD RIO LTDA','00.788.856/0001-73','ENDEREÇO: Rua Olimpia Esteves No 89 - Galpão - Padre Miguel -RJ&#10;CEP: 21775-000&#10;REPRESENTANTE: Sr Darlan Thebas&#10;TEL: 3332-7516&#10;FAX: 3337-0739'),(25,'MAMY COMERCIO ALIMENTOS LTDA','28.091.858/0001-28','ENDEREÇO: Capitão Félix 110 Rua 5 Loja 9 - São Cristóvão&#10;CEP: 20920-900&#10;CNPJ: 28.091.858/0001-28&#10;REPRESENTANTE: Sra Sônia&#10;TEL: 3473-0377 / 9978-2559&#10;FAX: 3860-4033'),(26,'SOGEL RIO COMÉRCIO DE ALIMENTOS LTDA','32.034.845/0001-94','ENDEREÇO: Rua Lopes Trovão, n° 42 Benfica Rio de Janeiro - RJ&#10;CEP: 20 920 340&#10;REPRESENTANTE: Sr. Lenílson Marques da Silveira CEL: 99879822&#10;TELEFONE: 2589-1542&#10;FAX: 2585-2919&#10;'),(27,'JÚ DISTRIBUIDORA DE GENEROS LTDA','68.575.018/0001-55','ENDEREÇO: Rua Capitão Felix 110 Rua 5 Loja 4 - São Cristóvão -RJ&#10;CEP: 20920-310&#10;REPRESENTANTE: Sr. Abelardo Ricardo de O. Filho&#10;TEL: 3860-6133'),(28,'CEAZZA DIST. DE FRUTAS, VERDURAS E LEGUMES LTDA','65.941.775/0004-50','ENDEREÇO: Rua São Ciro, 200 Jardim América - Rio de Janeiro - RJ&#10;CEP: 21240-130&#10;REPRESENTANTE: Sr. Marcos Paulo Santos de Oliveira&#10;TELEFONE: 2471-1474&#10;E-MAIL: ceazzarj@ig.com.br'),(29,'FM DEODORO DE CEREAIS LTDA','39.067.921/0001-07','ENDEREÇO: Estrada São Pedro de Alcântara, 214 - Galpão - B - Deodoro - RJ&#10;CEP: 21615-310&#10;REPRESENTANTE: Sr. Maurício Cel: 9627-6267&#10;TELEFONE: 3838-0735'),(30,'COMERCIAL MILANO BRASIL LTDA','01.920.177/0001-79','ENDEREÇO: Est: Velha de Pilar, no 1083 Bairro - Chácara, Rio Petrópolis Duque de Caxias-RJ&#10;CEP: 25.243-260&#10;REPRESENTANTE: Sra Mônica Rodrigues – Cel – 21-99126-9412&#10;TELEFONE: 3527 8797( RAMAL 1015)&#10;E-MAIL: digitacao@milanobrasil.com.br'),(31,'DISTRIBUIDORA DE AGUAS MINERAIS FONTE DE DAVI LTDA','03.037.209/0001-18','ENDEREÇO: Av. Bras de Pina No 05 Loja D -Penha -RJ&#10;CEP: 21940-120&#10;REPRESENTANTE: Sra Magna do Nascimento e Silva&#10;TEL: 2560-6186 / 2269-8863 / 2560-1094'),(32,'VIC VINNI FORNECEDORA DE ALIMENTOS LTDA','03.633.181/0001-81','ENDEREÇO: Capitão Felix 110 - Rua 2 Loja 20 - Benfica - RJ&#10;CEP: 20920-310&#10;REPRESENTANTE: Sr Ulysses&#10;TEL: 2580-4791'),(33,'WIMAGI COMÉRCIO E DISTRIBUIÇÃO LTDA','02.726.452/0001-80','ENDEREÇO: Rua Capitão Félix, 110 – Sl – 406 – CADEG - Benfica – Rio de Janeiro -RJ&#10;CEP: 20920-310&#10;REPRESENTANTE: Max Milson&#10;TELEFAX: (21) 2580-2853 / (21) 99477-3186&#10;EMAIL : vendas.wimagi@hotmail.com'),(34,'NEONUTRI COMÉRCIO DESENVOLVIMENTO DE ALIMENTOS LTDA','04.322.638/0001-08','ENDEREÇO: Rua Capitão Félix, 110 - Gal - 4 lj - 19 - Benfica - RJ&#10;CEP: 20920-310&#10;REPRESENTANTE: Ana Lúcia&#10;TEL: 3878-5362&#10;E-MAIL: neonutri@neonutri.com.br'),(35,'INDUSTRIA ALIM. M. CLARO DE MERITI LTDA','28.996.338/0001-64','ENDEREÇO: Av. Nossa Senhora de Fátima -3276 - Villar dos Teles - São João do Meriti -RJ&#10;CEP: 25.000-000&#10;REPRESENTANTE: Sr. Carlos Tel: 2751-4544&#10;E-MAIL: gelomonteclaro@ig.com.br'),(36,'PROGRESSO ALIMENTOS IMPORTAÇÃO E EXPORTAÇÃO LTDA','05.305.068/0001-00','ENDEREÇO: Rua Salomão Camargos - 64 - Jardinópolis – Belo Horizonte -MG&#10;CEP: 30.512.640&#10;REPRESENTANTE: Sr. Aridalton&#10;TELEFAX: 0xx (031) – 3333-0920'),(37,'H. R. COMÉRCIO E IND. DE PESCADOS LTDA','31.585.821/0001-60','ENDEREÇO: Rodovia Amaral Peixoto KM -15 - Inoã - Maricá - RJ&#10;CEP: 24910-000&#10;REPRESENTANTE: Sr. Luciano da Silva Cardoso&#10;Cel.: 9994-0969&#10;TELEFONE: 0xx (21) - 2636-5145 2636-5316'),(38,'LIESYNIL COMERCIAL LTDA','03.215.350/0001-63','ENDEREÇO: Rua José Francisco Zeca , 250 Sala 01 –Lote Jardim Vista Mar S. Pedro da Aldeia, RJ.&#10;CEP.: 28940000&#10;REPRESENTANTE: Sr. José Luiz Pimenta Soares&#10;E-MAIL: flasco@uol.com.br'),(39,'TRIVETTER COMERCIO DE ALIMENTOS LTDA','05.218.434/0001-86','ENDEREÇO: Rua Nacional, 155 - loja – B , Taquara - Jacarepaguá - RJ&#10;CEP: 22710-091&#10;REPRESENTANTE: Sr. Mauro José&#10;TELE: 2443-2164'),(40,'RUMO DA LUA ALIMENTOS LTDA','42.425.389/0001-67','ENDEREÇO: Rua Capitão Félix, 110 – Térreo – Galeria 5 loja 02 BENFICA - RJ&#10;CEP: 20920-310&#10;REPRESENTANTE: Sr. Viviane Cristine Brito Jacinto&#10;TELEFAX: 3878-4800 - 3878-4848&#10;E-MAIL: rumodalua.alimentos@gmail.com'),(41,'MASGOVI COMÉRCIO IMP. E EXP. LTDA','01.859.823/0001-30','ENDEREÇO: Rua Montevideo, 1122 Penha - RJ&#10;CEP: 21020290&#10;REPRESENTANTE: Sr. Luiz Antonio&#10;TEL: 3888-1591&#10;FAX: 3888-1590 2290-5892&#10;E-MAIL: licita@masgovi.com.br'),(42,'CAPITANIA DO PEIXE COMÉRCIO DE ALIMENTOS LTDA','03.833.398/0001-35','ENDEREÇO: Rua Capitão Félix, 110 lojas 6e 7 Galeria 6 Benfica RJ&#10;CEP: 20920310&#10;REPRESENTANTE: Sr. José Magalhães Ferreira&#10;TELEFAX: 3890-8002&#10;E-MAIL: capitania@capitaniadopeixe.com.br'),(43,'AGRIGEL COMÉRCIO LTDA','02.552.893/0001-03','ENDEREÇO: Rua Caruna, 692 – Parada de Lucas - RJ&#10;CEP: 21010-070&#10;REPRESENTANTE: Sra. Eliza&#10;TEL: 3464-0475&#10;FAX: 2485-6736'),(44,'DISTRIBUIDORA DE ALIMENTOS SOL DA TRAVESSA LTDA','04.285.914/0001-05','ENDEREÇO: Est. Rio São Paulo, 1581 Campo Grande RJ&#10;CEP: 23087-005&#10;REPRESENTANTE: Sr. Jair Renato&#10;TEL: 3403-2601&#10;FAX; 2413-1275'),(45,'CITRO CARDILLI COMÉRCIO IMPORTAÇÃO E EXPORTAÇÃO LTDA','02.115.482/0001-50','ENDEREÇO: Rua Mergenthaler, 1.069 Vila Leopoldina São Paulo - SP&#10;CEP: 05311-030&#10;REPRESENTANTE: Sra. Camila&#10;TEL: 0XX (11) 3835-8203&#10;FAX: 0XX (11) 3831-1311&#10;E-MAIL: citrocardlli@citrocardilli.com.br'),(46,'MULTIFRIGO COMÉRCIO E IMPORTAÇÃO LTDA','04.200.446/0001-10','ENDEREÇO: Est. de Jacarepaguá, 7655 Sala 621 – Freguesia – Rio de Janeiro - RJ&#10;CEP: 22753-045&#10;REPRESENTANTE: Sr. André Monteiro&#10;TEL: 2456-2193&#10;FAX: 3413-3554&#10;E-MAIL multifrigo@rjnet.com.br'),(47,'PADARIA E CONFEITARIA COSTA BASTOS','33.858.663/0001-09','ENDEREÇO: Rua Riachuelo, 263 – Centro – Rio de Janeiro, RJ&#10;CEP: 20230-011&#10;REPRESENTANTE: Sr. José Severiano Câmara&#10;TEL: 2232-9371/2242-4744&#10;FAX: 2232-1776&#10;E-MAIL cbastos2012@gmail.com'),(48,'EDBRÁS COMERCIO DE ALIMENTOS LTDA-ME','06.032.711/0001-24','ENDEREÇO: Rua Tomas Lopes, 782, loja “F”, Vila da Penha – Rio de Janeiro, RJ&#10;CEP: 21221-210&#10;REPRESENTANTE: Sr. Edilson Pereira Pedrosa&#10;TEL: 3457-2525/3457-4331/8894-4331&#10;FAX: 3457-2525'),(49,'J. SODRE PRODUTOS ALIMENTICIOS EM GERAL-ME','02.134.603/0001-01','ENDEREÇO: Av. Sta Catarina 47, sala 207, Jardim Catarina – São Gonçalo, RJ&#10;CEP: 24717-140&#10;TEL: 2603-1067/2614-1151&#10;E-MAIL jdsodre@uol.com.br'),(50,'JCP DISTRIBUIDORA E REPRESENTAÇÕES LTDA','01.906.466/0001-13','ENDEREÇO: Rua Cacequí, 74, Brás de Pina – Rio de Janeiro, RJ&#10;CEP: 21.210-760&#10;TEL: 2560-2559 / 2560-2913&#10;FAX: 2560-2559 / 2560-2913'),(51,'RCL COMERCIAL LTDA','05.421.892/0001-18','ENDEREÇO: SCN QUADRA I BL. F SALA 1003 Brasília , DF&#10;CEP: 70.771-905&#10;REPRESENTANTE: Sr. Luiz Fernando /Sra. Roberta&#10;TEL: (21) 2584-3580&#10;FAX: (21) 2584-6487&#10;E-MAIL: gjacobsen@uol.com.br'),(52,'MARPES COMERCIO DE PESCADO LTDA','03.550.055/0001-63','ENDEREÇO: Rua Merval de Gouveia, 435, Cascadura – Rio de Janeiro, RJ&#10;CEP: 21311-110&#10;REPRESENTANTE: Sr. José Mauricio Ferreira Telles&#10;TEL: 2290 4438&#10;FAX: 3866-3473&#10;E-MAIL: marpespescados@ig.com.br'),(53,'BAZAR ROSÁRIO BENTO DA VOVÓ LTDA','04.878.597/0001-22','ENDEREÇO: Rua Capitão Félix, 110, Galeria 02, loja 11 Benfica – Rio de Janeiro, RJ&#10;CEP: 20928-900&#10;REPRESENTANTE: Srta. Cintia Lima de Arruda&#10;TEL: 3878-8434&#10;FAX: 3878-8434 / 3890-2418&#10;E-MAIL brbento@bol.com.br'),(54,'PADARIA MARIA FARINHA LTDA','04.390.887/0001-22','ENDEREÇO: Rua: Dr. Agenor de Almeida Loyola, No 50 – Bancários – Ilha do Governador- RJ.&#10;CEP: 21.911-310&#10;REPRESENTANTE: Sra. Kelly Cristina dos Santos Ferreira&#10;TEL/ FAX: (21) 2467-3436&#10;E-MAIL padariamariafarinha@yahoo.com.br'),(55,'FRIGOALPHA COM. DE GÊNEROS ALIMENTÍCIOS LTDA','02.394.368/0001-07','ENDEREÇO: Granja Modelo do Torto s/n GM 03 – Frigorífico – Brasília - DF.&#10;CEP: 70.620-200&#10;REPRESENTANTE: Sr. Cléber Moraes (Celular: (21) 8206 0447)&#10;TEL: *(61) 3468 7474&#10;E-MAIL www.frigoalpha.com.br'),(56,'TAVARES COMESTÍVEIS LTDA','29.653.086/0001-33','ENDEREÇO: R. Capitão Félix, 110 Rua 1 – Lj. 17 e 18 – Benfica – Rio de Janeiro - RJ.&#10;CEP: 20.928-900&#10;REPRESENTANTE: Sr. Raimundo Luiz Pussente&#10;TEL: (21) 3890 1493 / 3890 1080 / 3860 8873'),(57,'PREMIAR COM. DIST. E REP. LTDA','00.771.306/0001-41','ENDEREÇO: Rua Herval de Gouveia, 437 – Cascadura - RJ.&#10;CEP: 21.311-110&#10;REPRESENTANTE: Sr. Antônio José Ferreira Telles&#10;TEL: (21) 3555-0190'),(58,'G.A. BARBOSA COMERCIAL LTDA','05.200.675/0001-06','ENDEREÇO: Estrada do Pau Ferro, 94 sala 216 – Jacarepaguá - RJ&#10;CEP: 22.743-051&#10;REPRESENTANTE: Sr. José Luiz do Nascimento Mendes&#10;TEL: (21) 2269 7045 / 3178-4408&#10;FAX: (21) 2595 2256&#10;E-MAIL: gabarbosacomercial@ig.com.br'),(59,'PROSPERITY DIST. PROD. ALIMENTÍCIOS LTDA','07.416.412/0001-56','ENDEREÇO: Rua Olga Hermont, 1193 – parte – Centro - Nilopoles - RJ&#10;CEP: 25.540-150&#10;REPRESENTANTE: Sr. Jailton da Silva Robaina&#10;TEL: (21) 2692 5570/2482 3652&#10;CEL: 97585820'),(60,'JC VALENTE – FRUTAS E LEGUMES LTDA','28.864.726/0001-91','ENDEREÇO: Rua Suez, 155 – Fundos – Bangu - RJ&#10;CEP: 21.820-250&#10;REPRESENTANTE: Sr. Severino TAVARES da Silva tel: 7837 3559&#10;TEL: (21) 3332 1588&#10;FAX: (21) 3332 3256&#10;E-MAIL: jcvalente3@ig.com.br'),(61,'RIOMAR 2001 DISTR. ALIM. E DESCARTÁVEIS LTDA','05.057.706/0001-03','ENDEREÇO: Av Pastor Martins Luther King Júnior, 10789 – Coelho Neto - RJ&#10;CEP: 21.530-015&#10;REPRESENTANTE: Sr. Noé Carneiro dos Santos&#10;TEL: (21) 3837-0076&#10;FAX: (21) 3837-0076&#10;E-MAIL: riomar01bp@yahoo.com.br'),(62,'CELEIRO DO RIO FRIO ALIMENTOS LTDA','29.998.838/0001-06','ENDEREÇO: R – Capitão Félix, 110, PAV 02 – LJ 60 – Benfica - RJ&#10;CEP: 20.920-310&#10;REPRESENTANTE: Sr. David . Moreira&#10;TEL: (21) 3890 4710'),(63,'MATMALAP REPRESENTAÇÃO E COM. IMP. E EXPORTAÇÃO LTDA','00.429.972/0001-04','ENDEREÇO: R Montevidéu, 1297, LJ K – Penha - RJ&#10;CEP: 21.020-290&#10;REPRESENTANTE: Sr. Antônio Domingos Neto&#10;TEL: (21) 3888 1590&#10;E-MAIL: matmalap@veloxmail.com'),(64,'RICARDO SÁ COM. DE FRUTAS CONGELADAS E DERIVADOS LTDA/EPP','00.549.785/0001-56','ENDEREÇO: R Lopes da Cruz, 332 – Méier - RJ&#10;CEP: 20.720-170&#10;REPRESENTANTE: Sr. Ricardo de Sá&#10;TEL: (21) 2591 2019&#10;FAX: (21) 3271 1876'),(65,'STAR FOOD FORNECEDORA DE ALIMENTOS LTDA','06.347.714/0001-57','ENDEREÇO: R – Capitão Félix, 110, GAL 04 – LJ 11 – Benfica - RJ&#10;CEP: 20.920-310&#10;REPRESENTANTE: Sr. Ulyses Delia&#10;TEL: (21) 2589 9176&#10;FAX: (21) 2589 9176'),(66,'PAN VITAL IND. E COM. DE GÊNEROS ALIMENTÍCIOS LTDA','07.258.389/0001-19','ENDEREÇO: R – Carlos Souza Fernandes, 74 – Olinda – Nilópolis - RJ&#10;CEP: 26.545-000&#10;REPRESENTANTE: Sr. Walter Alexandre Maia&#10;TEL: (21) 2792 9606&#10;FAX: (21) 2792 9747'),(67,'GN ALIMENTOS LTDA','03.948.499/0001-51','ENDEREÇO: Rodovia BR 262, 4.700 – Bairro: Eymard - MG&#10;CEP: 31.910-585&#10;REPRESENTANTE: Ramiro&#10;TEL: (31) 2692-8140 (31) 3505-2800 (31) 3019-6998'),(68,'DISTRIBUIDORA DE OVOS AGUIAR','28.202.018/0001-95','ENDEREÇO: Estrada Henrique de Melo, 750/760 e Rua Araraquara, 25 Oswaldo Cruz&#10;CEP: 21.340-190&#10;REPRESENTANTE: Áquilas Monteiro/ Paulo Roberto&#10;TEL: (21) 3390-8149&#10;FAX: (21) 3390-8149&#10;E-MAIL: ovosaguiar@uol.com.br'),(69,'BIG NETH LANCHEREFEIÇÕES LTDA','72.399.140/0001-95','ENDEREÇO: Av. Brigadeiro Trompowisk s/n° Ilha do Governador&#10;CEP: 21.044-020&#10;TEL: (21) 2590 6827&#10;FAX: (21) 2590 6827'),(70,'GESTAL COMÉRCIO DE PRODUTOS ALLIMENTÍCIOS LTDA','07.600.038/0001-44','ENDEREÇO: Rua Igarapé no 319 – Bairro Periquitos - Duque de Caxias - RJ&#10;CEP: 25.025-340&#10;REPRESENTANTE: Rosinaldo Silva Monteiro&#10;TEL: (21) 2776-4366 3654-4514'),(71,'CCS VALENTE COMÉRCIO DE GÊNEROS ALIMENTÍCIOS','09.031.962/0001-82','ENDEREÇO: Rua Suez no 160 – Bangu – Rio de Janeiro&#10;CEP: 21.820-250&#10;REPRESENTANTE: Sa Cláudia Cristina&#10;TEL: (21) 3332 1588 – 2404-2766&#10;E-MAIL: licitacao@ccsvalente.com.br'),(72,'SOLAMARIS DO RIO FORNECEDORA DE FRUTAS E LEGUMES LTDA','40.326.381/0001-18','ENDEREÇO: Av. Brasil, 19001- Pav. 44 Box 18 (Ceasa)– IRAJÁ - RJ&#10;CEP: 21.530-000&#10;REPRESENTANTE: Mário Francisco Toscano&#10;TEL: (21) 3014 7476&#10;E-MAIL: atendimento@solamarisrj.com.br'),(73,'LAMAS &#38; NOVAES LTDA','02.720.905/0001-61','ENDEREÇO: Caminho Velho de São Lourenço –São Lourenço Niteroi RJ&#10;CEP: 24060-008&#10;TEL: (21) 3604 8510&#10;FAX:3604-8510&#10;E-MAIL: lamasenovas@ig.com.br'),(74,'M B CALEDÔNIA GÊNEROS ALIMENTICIOS LTDA','07.042.664/0001-62','ENDEREÇO: Dezessete de Fevereiro 219 Bonsucesso -RJ&#10;TEL: (21)3104-2937&#10;FAX:3104-2937&#10;E-MAIL: mbcaledonia@hotmail.com'),(75,'F. FIRMINO','04.718.601/0001-95','ENDEREÇO: Rua Elias Lobo , 553 Campo Grande – Rio de Janeiro&#10;CEP: 23.052-170&#10;TEL: (21) 3394-3051 / 33948676&#10;FAX: 3394-3051&#10;E-MAIL: domfirmino@click21.com.br / domfirmino.pf@gmail.com'),(76,'REFISERVI REFEIÇÕES INDUSTRIAIS LTDA','73.373.243/0001-49','ENDEREÇO: Nerval de Gouveia 431, Cascadura – Rio de Janeiro/RJ&#10;CEP: 21.311-110&#10;REPRESENTANTE: Gabriela Telles&#10;TEL: (21) 2229-5990 / 2596-9458 / 2596-9458 / 2596-9458&#10;E-MAIL: refiservi@uol.com.br'),(77,'PONTUAL RIO 2010 COMERCIO LTDA','03.985.518/0001-10','ENDEREÇO: R Capitão Felix 110 Galeria 2 loja 06 BL F Benfica -RJ&#10;CEP: 20.920-310&#10;REPRESENTANTE:Carlos Alberto&#10;TEL: (21) 3526-5770&#10;FAX:2580-0575&#10;E-MAIL: pontualrio2010@gmail.com'),(78,'RIO MILÃO 5070','08.909.092/0001-39','ENDEREÇO: Bernardo de Vasconcelo N 2085 Realengo&#10;REPRESENTANTE: Rosangela&#10;TEL: (21) 3468-3403 7940-5990 7940-5991&#10;FAX:2457-0232'),(79,'LANAI COMERCIAL IMPORTADORA E EXPORTADORA LTDA','40.436.149/0001-32','ENDEREÇO: Rua Capitão Felix, 110 - Av. Central loja 60 – CADEG - RJ&#10;CEP:20.920-310&#10;REPRESENTANTE: Cesar Monteiro&#10;TEL: (21) 3890-4710&#10;FAX:3890-0393'),(80,'FICA BEM ALIMENTOS LTDA','72.388.465/0001-72','ENDEREÇO: Rua Capitão Félix, 110 - Rua 03 – lojas 03 e 05, Benfica – Rio de Janeiro/RJ&#10;CEP: 20.928-900&#10;REPRESENTANTE: Sr. José Diógenes Fontes de Matos&#10;TELEFAX: 3860-6441&#10;E-MAIL: ficabem.alimentos@gmail.com'),(81,'NAVEGART INFORMÁTICA.COM. MANUT. E SERV. LTDA','07.162.814/0001-71','ENDEREÇO: Av Automóvel Clube, 55 – Santa Cruz da Serra, Duque de Caxias - RJ&#10;CEP: 25260-000&#10;REPRESENTANTE: Sr. Ricardo Duarte da Silva&#10;TELEFAX: (21) 3658-6022'),(82,'J L REFRIGERAÇÃO E COMERCIO E DISTRIBUIDORA DE ÁGUA MINERAL LDTA-ME','28.024.610/0001-44','ENDEREÇO: Rua Costa Ferreira, 55 Centro Rio de Janeiro&#10;CEP: 20221-240&#10;REPRESENTANTE: Sr(a) Carla Cardoso&#10;TELEFAX: (21) 3285-4045 / 2516-1168/2233-5544'),(83,'HORTO CENTRAL MARATAIZES LTDA','39.818.737/0001-51','ENDEREÇO: Rodovia ES-490, Safra x Marataízes, s/no, Muritiba, Candeus e Duas Barras, Itapemirim/ES&#10;CEP: 29.330-000&#10;REPRESENTANTE: Sr(a) Ademar / Juliana&#10;E-MAIL: FATURAMENTO: juliana@hortisul.com&#10;PEDIDOS: maria@hortisul.com'),(84,'COMERCIO E INDUSTRIA DE ALIMENTOS SÃO JUDAS TADEU LTDA','04.595.185/0001-85','ENDEREÇO: Av Brasil 19001 pavilhão 72 Loja 03 CEASA Irajá RJ&#10;CEP: 21.530-001&#10;REPRESENTANTE: Sr(a) Vanessa / Luiz Carlos&#10;TELEFAX: (21) 2471-2899&#10;E-MAIL: saojudastadeu.rj@bol.com.br'),(85,'LIDERANÇA DISTRIBUIDORA DE ALIMENTOS LTDA','04.578.046/0001-43','ENDEREÇO: Rodovia José Sette S/N Porto de Cariacica ES&#10;CEP:29.156-700&#10;REPRESENTANTE: Sr(a) Flávia /Kênia&#10;TEL: (27) 3254-9000 3254-9029/3254-9009 FAX: 3254-9016'),(86,'AJURDY DISTRIBUIDORA DE PRODUTOS LTDA','09.102.265/0001-75','ENDEREÇO: AV Nossa Senhora de Copacabana 709 SI 1205&#10;CEP: 22.050-002&#10;REPRESENTANTE: Sr(a) André Monteiro Amin&#10;TEL: (21) 2547-5640&#10;E-MAIL: ajurdydistribuidora@gmail.com'),(87,'ALPES RIO COMERCIAL LTDA - ME','07.564.451/0001-09','ENDEREÇO: Rua Carmela Dutra, 2638, Centro – Nilópolis/RJ&#10;CEP: 26530-020&#10;REPRESENTANTE: Sr(a) Diego René Martinez&#10;TEL/FAX: (21) 2791-0885'),(88,'CRISTALFRIGO INDÚSTRIA, COMÉRCIO, IMPORTAÇÃO E EXPORTAÇÃO LTDA','04.613.751/0004-87','ENDEREÇO: Av. dos Andradas, 2229, Santa Efigênia – Belo Horizonte/MG&#10;CEP: 30120-010&#10;REPRESENTANTE: Sr(a) Ivan Costa Sander&#10;TEL/FAX: (31) 2101-1719'),(89,'DETONI DISTRIBUIDORA DE ALIMENTOS LTDA - ME','07.997.527/0001-81','ENDEREÇO: Av. Álvaro Marconde de Matos, 480 – São Gonçalo – Taubaté/SP&#10;CEP: 12092-500&#10;REPRESENTANTE: Sr(a) Carlos Valério Gaspar Sobral&#10;TEL: (12) 3682-3289&#10;FAX: (12) 3682-3297'),(90,'INDÚSTRIA E COMÉRCIO DE ALIMENTOS SUPREMO LTDA','03.080.479/0001-01','ENDEREÇO: Rua Raimundo de Freitas, 111, Centro – Ibirité/MG&#10;CEP: 32400-0000&#10;REPRESENTANTE: Sr(a) Daniel Clarindo de Oliveira&#10;TEL: (31) 3521-8000&#10;FAX: 3521-8037'),(91,'MAP RIO INDÚSTRIA, COMÉRCIO E SERVIÇOS LTDA - ME','03.720.798/0001-34','ENDEREÇO: Rua Haia, 244, Tauá, Ilha do Governador – Rio de Janeiro/RJ&#10;CEP: 21920-180&#10;REPRESENTANTE: Sr(a) Anna Paula Nunes Alves da Silva&#10;TEL/FAX: (21) 3353-0670'),(92,'MERCEARIA E BAZAR NOSSA SENHORA DA LUZ LTDA - ME','00.887.566/0001-87','ENDEREÇO: Rua do Viaduto, 85, Acari – Rio de Janeiro/RJ&#10;CEP: 21531-700&#10;REPRESENTANTE: Sr(a) Noé Carneiro dos Santos&#10;TEL/FAX: (21) 2471-6984 ou (21) 3835-3446&#10;E-MAIL: nossasenhoraluz@yahoo.com.br'),(93,'ODEBRECHT COMÉRCIO E INDÚSTRIA DE CAFÉ LTDA','78.597.150/0018-60','ENDEREÇO: QN-122, Conj. 4, Lote 5, Loja I – Samambaia, Brasília/DF&#10;REPRESENTANTE: Sr(a) Ana Paula Baptista Graco Dias&#10;TEL: (43) 3377-4141 ou 3377-4101&#10;FAX: (43) 3377-4151'),(94,'PASTIFÍCIO SANTA AMÁLIA S/A','22.229.207/0001-75','ENDEREÇO: Rod. BR 267, KM 2, Distrito Industrial – Machado/MG&#10;CEP: 37750-000&#10;REPRESENTANTE: Sr(a) Jorge Roman&#10;TEL/FAX: (35) 3295-9000'),(95,'TANGARÁ IMPORTADORA E EXPORTADORA S/A','39.787.056/0001-73','ENDEREÇO: Rod. Darly Santos, 2500, Bairro Araçás, Vila Velha/ES&#10;CEP: 29103-091&#10;REPRESENTANTE: Sr(a) Eduardo Leite&#10;TEL: (27) 2123-9271&#10;FAX: (27) 2123-9237'),(96,'JBS S/A','02.916.265/0011-31','ENDEREÇO: Av. Marginal Direita do Tiete, 500. Vila Jaguara - SP&#10;CEP: 05118-100&#10;REPRESENTANTE: Sr(a) Jessica Gonçalves Alves&#10;TEL/FAX: (011) 3144-4000 - 3144-4343 - 3144-4410'),(97,'PROV 110 COMERCIAL EIRELI','10.511.098/0001-03','ENDEREÇO: Rua Capitão Felix, 110 – Rua 2 loja 22 – Benfica - RJ&#10;CEP: 20.920-310&#10;REPRESENTANTE: Márcia Maria Almeida Gonçalves&#10;TEL: (21) 3860-0376&#10;E-MAIL: prov110comercial@gmail.com'),(98,'D A H M DOS SANTOS COMERCIO E SERVIÇOS DE ALIMENTOS ME','03.077.654/0001-01','ENDEREÇO:Av Pelotas, No 648, Quadra 41, Lotes 31 e 32, Jardim Gramacho, Duque de Caxias, RJ.&#10;CEP: 25.055-192&#10;REPRESENTANTE: David Antonio Henrique Mendes Dos Santos&#10;TEL.: 21- 3659-7176'),(99,'D. I. D. COMÉRCIO DE FRIOS E CONGELADOS LTDA','09.550.402/0001-34','ENDEREÇO: Av. Martinho Almeida, No 100, Lj D – Rio Bonito&#10;CEP: 28.800-000&#10;REPRESENTANTE: Daniela Soares Machado da Silva&#10;TEL: (021) 21 2734-6201 /88204776&#10;FAX: (021) 21 2734-6201'),(100,'LS COMÉRCIO DE DESCARTÁVEIS E COMESTÍVEIS LTDA','10.636.608/0001-60','ENDEREÇO: Rua Flavia Farnese, 164 – Bonsucesso – RJ.&#10;CEP:21. 042-262&#10;REPRESENTANTE: Luciano de Moraes&#10;TEL: (21) 3866-3473&#10;FAX: (21) 3105-8170&#10;E-MAIL: comestiveis@ig.com.br'),(101,'GRANÁ 298 DISTRIBUIDORA DE ALIMENTOS LTDA','02.768.278/0001-39','ENDEREÇO: RUA GRANÁ No 298 , ILHA DO GOVERNADOR - RIO DE JANEIRO-RJ.&#10;CEP: 21921-010&#10;TEL.: (21) 2466-7416&#10;REPRESENTANTE: MARIÁ ROSSETTO&#10;E-MAIL: grana298@hotmail.com'),(102,'M.L. MARTINS DISTRIBUIDORA DE ALIMENTOS LTDA','06.136.346/0001-06','ENDEREÇO: Avenida dos trabalhadores No 311 loja - Centro- Nova Iguaçu – RJ.&#10;CEP:25520-001&#10;REPRESENTANTE: MARCIO LUIZ MARTINS &#10;TEL: (21) 7812-4136&#10;E-MAIL:mlmartinsdistribuidora@ig.com.br'),(103,'ESPAÇO R2 – COMÉRCIO VAREJISTA, REPRESENTAÇÃO E SERVIÇOS LTDA – ME','11.229.966/0001-11','ENDEREÇO: Rua Capitão Felix,110 Pavimento Térreo, Loja 11 – Galeria 6–Bloco E, Benfica - Rio de Janeiro – RJ.&#10;CEP:20.920-310&#10;REPRESENTANTE: BÁRBARA MARIA G RODRIGUES&#10;TEL: (21)2585-0982 / 3253-3940 &#10;FAX: (21)2585-0982 / 3253-3940'),(104,'NEKY ELETROELETRONICOS COM. E DISTRIBUIDORA LTDA -ME','09.426.787/0001-22','ENDEREÇO: Rua Rio Bonito, 1.101, Sala-201 – Gramacho - Duque de Caxias. - Rio de Janeiro – RJ.&#10;CEP:25.035-230&#10;REPRESENTANTE: VIVIANE FARIA TEL: 21- 3652-6487/2674-9663 FAX: (21)3651-5701&#10;E-MAIL: neky@neky.com.br'),(105,'WINNER COMÉRCIO E REPRESENTAÇÃO LTDA','09.114.326/0001-14','ENDEREÇO: Rua Dona Vitalina, 327 Loja –Engenho pequeno- Nova Iguaçú - Rio de Janeiro – RJ.&#10;CEP:26.011-590&#10;REPRESENTANTE:EDSO FERNANDES LIMA&#10;TEL: (21)2698-9052/ 9392-5848&#10;E-MAIL: w.iguacu@yahoo.com.br'),(106,'SÃO BRÁS 34 PESCADOS COMERCIAL LTDA','10.392.981/0001-13','ENDEREÇO: Rua da regeneração, 65 – Parte- Bonsucesso, - Rio de Janeiro – RJ.&#10;CEP: 21.040-170&#10;REPRESENTANTE: FRANCISCO JOSÉ MAGALHÃES&#10;TEL: (21)3283-9610&#10;E-MAIL: saobraspescado@hotmail.com / saobras@saobraspescados.com.br'),(107,'TFM RIO COMÉRCIO DE GENEROS ALIMENTICIOS LTDA-ME','10.988.435/0001-40','ENDEREÇO: Rua Ipiaba, 273 - Ilha do Governador - Rio de Janeiro – RJ.&#10;CEP: 21937-247&#10;REPRESENTANTE: FLAVIA MACEDO / THIAGO MACEDO&#10;TEL: (21) 2465-2505 / (21) 8101-6210 / 7897-9376&#10;E-MAIL: flaviamacedo@tfmrio.com.br'),(108,'RIOSUPPLY ALIMENTOS LTDA – EPP','14.417.272/0001-04','ENDEREÇO: Rua: Dr. Agenor de Almeida Loyola, No 50 – Bancários – Ilha do Governador- RJ.&#10;CEP: 21.911-310&#10;REPRESENTANTE: Sr. ALEXANDRE ASSIS&#10;TEL: (21) 3268-7078&#10;E-MAIL: eagraa@yahoo.com.br / pedidospadaria@yahoo.com.br'),(109,'MAR E TERRA DE NILOPOLIS COMERCIO DE ALIMENTOS LTDA','11.490.410/0001-84','ENDEREÇO: Rua: Coronel José Muniz, 93 Galpão – Olinda - Nilópolis.&#10;CEP:26545.060&#10;REPRESENTANTE: FLAVIO MOURA SANTOS&#10;TEL: (21) 2693-4550 / (21) 3760-6667&#10;E-MAIL: mareterradenilopolis@yahoo.com.br'),(110,'BOSCATTI ATACADISTA LTDA-EPP','14.144.135/0001-35','ENDEREÇO: Rodovia BR 040,KM 526, sno, Galpão 06 – Faz Perobas – Contagem - MG.CEP:32145-480&#10;REPRESENTANTE: ANDRÉ SCALER FERRI AMARAL&#10;TEL: (31) 2129-8544 / 2129-8500 /&#10;E-MAIL: boscattiatacadista@gmail.com'),(111,'DELTA RIO COMÉRCIO SERVIÇOS E REPRESENTAÇÕES LTDA-ME','10.942.801/0001-20','ENDEREÇO: Rua Pedro Elifas,No 18-Loja-Heliópolis Belford Roxo-RJ.&#10;CEP:26120-260&#10;REPRESENTANTE: LETICIA DA CONCEIÇÃO FELICIO&#10;TEL: (21)2662-3816 / 2779-6948/7734-6352&#10;E-MAIL: deltario@bol.com.br/deltario@ymail.com'),(112,'BELA ISCHIA ALIMENTOS LTDA','01.130.631/0001-98','ENDEREÇO: Rodovia MG 285, km 77 Astolfo Dutra / MG&#10;CEP: 36.780-000&#10;REPRESENTANTE: Jorge Martins / Edmilson&#10;TEL: (21) 2589-0070 / (21) 3565-5658&#10;E-MAIL: jorgemartins5@yahoo.com.br'),(113,'J.B.C. ARAÚJO DISTRIBUIDORA LTDA','04.310.628/0001-44','ENDEREÇO: Rua General Aurélio Vieira no45 – Madureira – Rio de Janeiro – RJ&#10;CEP: 21351-250&#10;REPRESENTANTE: JOSÉ COSME FERREIRA DE ARAÚJO&#10;TEL: 2452-7826/3045-2910/9763-1975/7831-3323&#10;FAX: 2452-7826&#10;E-MAIL: jbcaraujo@oi.com.br'),(114,'CARISMA COMÉRCIO DE ALIMENTOS E DESCARTÁVEIS LTDA-ME','12.385.132/0001-68','ENDEREÇO: Av. Brasil 18504 – Rua do Viaduto, 73 – Acari - Rio de Janeiro&#10;CEP: 21531-700&#10;REPRESENTANTE: Noé Carneiro&#10;TEL: (21) 3837-0076- 3835-3446&#10;E-MAIL: carisma_2011@yahoo.com.br'),(115,'TENEDOR-RIO COMÉRCIO E SERVIÇOS DE ALIMENTAÇÃO LTDA','07.146.067/0001-88','ENDEREÇO: Av. do Contorno, 4002 - Barreto – Niterói/RJ&#10;CEP: 24110-205&#10;REPRESENTANTE: Marcos José Correa dos Santos&#10;TEL: (21) 2624-0676&#10;E-MAIL: tenedoralimentos@hotmail.com'),(116,'FRANCISCO SEBASTIÃO DE BRITO RESENDE - EPP','62.873.054/0001-19','ENDEREÇO: Rodovia Geraldo Scabone, 2730, Vila Branca – Jacareí/SP (Rua Três, no 310)&#10;CEP: 12305-490&#10;REPRESENTANTE: Cristiano&#10;TEL: (0**12) 3958-3127&#10;E-MAIL: cristiano@grupodasabor.com.br'),(117,'FRIGORÍFICO VALE DO SAPUCAÍ LTDA (FRIVASA)','01.702.122/0001-92','ENDEREÇO: Av. Wagner Lemos Machado, 1100, Açude – Itajubá/MG&#10;CEP: 37.504-326&#10;E-MAIL: jorgemartins5@yahoo.com.br'),(118,'COMÉRCIO E SERVIÇOS LOBÃO LTDA','06.698.962/0001-42','ENDEREÇO: Rua da Abolição, 537, Abolição –Rio de Janeiro/RJ&#10;CEP: 20.755-170&#10;REPRESENTANTE: Vladimir Calixto Borges da Silva&#10;TEL: (0**21) 3016-0499 ou (0**21) 3251-5558&#10;E-MAIL: c.slobao@hotmail.com'),(119,'ECCAGIO COMÉRCIO DE ALIMENTOS LTDA-ME','10.511.650/0001-55','ENDEREÇO: Rua Teixeira de Freitas, 170, Loja - 02 - Fonseca – Niterói/RJ&#10;CEP: 24.130-610&#10;REPRESENTANTE: Rodrigo Mendes&#10;TEL: (0**21) 2705-9544&#10;E-MAIL: eccagioltda@yahoo.com.br'),(120,'RDL DISTRIBUIDORA DE ALIMENTOS LTDA-ME','11.619.789/0001-80','ENDEREÇO: Rua São Dionísio, 62, Loja B - Penha – Rio de Janeiro/RJ&#10;CEP: 21.070-046&#10;REPRESENTANTE: Rodrigo Diogo Moreira&#10;TEL: (0**21) 3977-7813&#10;E-MAIL: rdlalimentos01@yahoo.com'),(121,'LIELO COMÉRCIO DE GÊNEROS ALIMENTÍCIOS E DESCARTÁVEIS LTDA','13.836.047/0001-31','ENDEREÇO: Rua Sainá, 3, Loja A - Bangú – Rio de Janeiro/RJ&#10;CEP: 21.862-040&#10;REPRESENTANTE: Liliana (0**21) 9364-1029&#10;TEL: (0**21) 3086-9431&#10;E-MAIL: lielo2011@hotmail.com'),(122,'FRESH FOOD COMÉRCIO DE GÊNEROS ALIMENTÍCIOS LTDA - EPP','14.263.869/0001-33','ENDEREÇO: Rua Suez, 155 BAIRRO - Bangu – Rio de Janeiro/RJ&#10;CEP: 21.820-250&#10;REPRESENTANTE: Marianne Elisabeth&#10;TEL: (0**21) 3332-1588 / 2404-2766 - Fax: (0**21) 3291-3084&#10;E-MAIL: licitacao@freshfoodalimento.com.br'),(123,'MUNDIAL COMÉRCIO DE PESCADOS E ALIMENTOS LTDA','15.287.314/0001-94','ENDEREÇO: Rua Franklin máximo pereira, 78-202, Centro - Itajaí – Santa Catarina/SC&#10;CEP: 88.302-020&#10;REPRESENTANTE: Danielle Luciane de Oliveira &#10;TEL: (0**47) 4105-0928 &#10;E-MAIL: mundialpescados@gmail.com / Igor.mundialpescados@gmail.com'),(124,'H2L COMÉRCIO DE ÁGUAS E BEBIDAS LTDA','10.680.953/0001-00','ENDEREÇO: Av. Senador Pompeu, no 14 A, Centro, Rio de Janeiro - RJ&#10;CEP: 20.080-102&#10;REPRESENTANTE: Lauri da Silva (0**21) 7590-8564&#10;TEL: (0**21) 2223-3361 / 2223-0308&#10;E-MAIL: contato@h2lagua.com.br'),(125,'OPÇÃO DA VILA PADARIA E MERCEARIA LTDA - ME','02.542.890/0001-99','ENDEREÇO: Rua Elizario de Souza, 972 – Vila Norma – São João de Meriti - RJ&#10;CEP: 25.535-360&#10;REPRESENTANTE: Hélio Domingues Claro&#10;TEL: (0**21) 2656-8603&#10;E-MAIL: opcaodavilapadaria@bol.com.br'),(126,'GIOMEN COMÉRCIO DE ALIMENTOS LTDA - ME','07.830.252/0001-97','ENDEREÇO: Rua Andrade de Pinto, 180, Loja 02, Bairro de Fátima, Niterói - Rio de Janeiro - RJ&#10;REPRESENTANTE: GIOMEN - (0**21) 9972-6680&#10;TEL: (0**21) 2719-1564 / 2719-1523/9972-6680&#10;E-MAIL: giomenltda@yahoo.com.br'),(127,'SANTO TIRSO IND. COM. E TRANSP. LTDA - ME','30.372.403/0001-22','ENDEREÇO: Av. Automóvel Clube no1. 440 – Vilar dos Teles – São João de Meriti - RJ&#10;CEP: 25.565-172&#10;REPRESENTANTE: José Francisco Kronemberger&#10;TEL: (0**21) 3029-4494 / Fax – 2751-1302&#10;E-MAIL: licita@belong.com.br'),(128,'CON-NEXCOMÉRCIO E SERVIÇOS LTDA - ME','17.050.144/0001-55','ENDEREÇO: Rua Guineza 483 – ENGENHO DE DENTRO – Rio de Janeiro - RJ&#10;CEP: 20.755-330&#10;REPRESENTANTE: CRISTIANE SOARES&#10;TEL: (0**21) 3178-4408 / 3228-3868 / 3178-4408&#10;E-MAIL: connexcomercio@yahoo.com.br'),(129,'REDFLAECH DISTRIBUIDORA DE ALIMENTOS LTDA','04.246.902/0001-63','ENDEREÇO: Rua João Manoel Melro, s/n - Lote 52 - Quadra 03 - Bairro Largo da Idéia&#10;CIDADE: São Gonçalo - RJ&#10;CEP.: 24421-170&#10;REPRESENTANTE: Sr. Lopes&#10;FAX: (21) 3715-5718&#10;TEL.: (21) 2603-6290&#10;E-MAIL: redflaeche@terra.com.br'),(130,'FRISMAR LTDA ME','10.863.930/0001-22','ENDEREÇO: Rua Capitão Felix, 110 – loja 22 – Bloco Nobre CADEG - BenficaCIDADE: Rio de Janeiro - RJ&#10;CEP.: 20.920-310&#10;REPRESENTANTE: Sr. Hudson Gouveia&#10;TEL. FAX: (21) 2589-4277&#10;E-MAIL: frismarltda@gmail.com'),(131,'FORÇA TOTAL DISTRIBUIDORA DE ALIMENTOS LTDA','11.203.563/0001-01','ENDEREÇO: Rua da Cevada no 115, Penha – Rio de Janeiro&#10;CIDADE: Rio de Janeiro - RJ&#10;CEP.: 21.011-080&#10;REPRESENTANTE: Sra Ana Cristina / Sr. Jorge&#10;TEL. FAX: (21) 3890-1557&#10;TEL.: (21) 3890-1557&#10;E-MAIL: jorgemartins5@yahoo.com.br'),(132,'PARADISO AQUA FRESH IND COM MINERAÇÃO E DISTRI LTDA','00.604.434/0001-09','ENDEREÇO: Estrada do Catonho, 04 – A – Jardim Sulacap&#10;CIDADE: Rio de Janeiro - RJ&#10;CEP.: 22.725-000&#10;REPRESENTANTE: Sr. Daniel Cardoso Pereira&#10;TEL. FAX: (21) 2423-3627 / 1014 / 3473-8371&#10;E-MAIL: daniel.aquafresh@hotmail.com'),(133,'APR INDÚSTRIA E COMÉRCIO DE PRODUTOS ALIMENTICIOS LTDA-ME','18.548.457/0001-09','ENDEREÇO: Estrada Nilo Peçanha, 893 Olinda - Nilópolis&#10;CIDADE: Rio de Janeiro - RJ&#10;CEP.: 26.545-201&#10;REPRESENTANTE: Ana Lúcia Cardoso Ferreira&#10;TEL. FAX: (21) 3761-1616 / 2791-5790&#10;E-MAIL : contato@sorvetesnetinho.com.br'),(134,'FÊNIX INDUSTRIAL E COMÉRCIO DE ALIMENTOS LTDA','61.714.994/0001-00','ENDEREÇO: R. Dr. Laurindo Minhoto, no 16 – V.Alpina&#10;CIDADE: São Paulo – SP&#10;CEP.: 03.240-060&#10;REPRESENTANTE: Sra. Ana Ramos&#10;TEL: (21) 9 6898-8823&#10;E-MAIL: fênix.rjvendas@gmail.com'),(135,'SANES BRASIL AGROINDUSTRIAL S/A','03.718.276/0001-06','ENDEREÇO: Av. de Acesso s/n – Lt-03 – Qd – 10 Distrito Industrial&#10;CIDADE: Queimados – RJ&#10;CEP.: 26.315-020&#10;REPRESENTANTE: Sr. Joacy Carvalho&#10;TEL: (21) 2663-9300&#10;E-MAIL: sanesbr@sanesbr.com.br'),(136,'EG MARTINS COMÉRCIO E REPRESENTAÇÕES DE ALIMENTOS LTDA - ME','12.753.310/0001-66','ENDEREÇO: Rua Capitão Felix, 110 Sl – 402 – Benfica - Rio de Janeiro&#10;CIDADE: Rio de Janeiro – RJ&#10;CEP.: 20.920-310&#10;REPRESENTANTE: Sr. Jorge Martins&#10;TEL: (21) 2589-0070 / 3890-1557&#10;E-MAIL: jmartinsrepresentacao@gmail.com'),(137,'COMSUP COMECIAL DE ALIMENTOS LTDA - ME','10.626.575/0001-78','ENDEREÇO: Rua Jacobina, s/n Vila Militar - Deodoro&#10;CIDADE: Rio de Janeiro – RJ&#10;CEP.: 21.670-640&#10;REPRESENTANTE: Sr. Willian Telemaco&#10;TEL: (21) 3011-7994 &#10;E-MAIL: broucom@gmail.com'),(138,'WS DISTRIBUIDORA DEALIMENTOS LTDA - EPP','01.220.638/0001-09','ENDEREÇO: Rua Capitão Félix, 110 – Rua 03 - Benfica&#10;CIDADE: Rio de Janeiro – RJ&#10;CEP.: 20.920-310&#10;REPRESENTANTE: Sr. VIVIAN CRSITINE BRITO JACINTO&#10;TEL: (21) 3890-1060&#10;E-MAIL: wsdistribuidora.alimentos@gmail.com'),(139,'IMEDIATA COMÉRCIO DISTRIBUIÇÃO E SERVIÇOS LTDA','13.936.544/0001-01','ENDEREÇO: Rua Galvão, 148 – Bl – 2 – Lj – 112 – Barreto&#10;CIDADE: Niterói – RJ&#10;CEP.: 24.110-260&#10;REPRESENTANTE: Sro. RENAN GUTTERRES&#10;TEL: (21) 3587-2568 &#10;E-MAIL: imediatadistribuicao@yahoo.com.br'),(140,'SABOR CARIOCA COMÉRCIO DE ALIMENTOS LTDA - ME','14.184.366/0001-72','ENDEREÇO: Rua Bento Lisboa, 257 – Lt – 14 –Qd – 8 – Jardim Meritir&#10;CIDADE: São João de Meriti – RJ&#10;CEP.: 25.510-301&#10;REPRESENTANTE: Sra. CLAUDIA &#10;TEL: (21) 3141-9697 / (21) 2757-1124&#10;E-MAIL: sabor.carioca.adm@gmail.com'),(141,'MM DISTRIBUIDORA DE ALIMENTOS E PRESTAÇÃO DE SERVIÇOS LTDA - ME','16.938.521/0001-24','ENDEREÇO: Rua Aguiar, no 12 ( frente) - Jardim Meritir&#10;CIDADE: São João de Meriti – RJ&#10;CEP.: 25.655-451&#10;REPRESENTANTE: Sr. MAURÍCIO FERREIRA&#10;TEL. FAX: (21) 2586-5643 / (21) 3755-8711&#10;E-MAIL: mmalimentoseservicos@yahoo.com.br'),(142,'KOALLA ASSESSORIA DE EVENTOS LTDA','10.500.772/0001-46','ENDEREÇO: Rua Cinco, no 300 – Bairro Marapicu –&#10;CIDADE: Nova Iguaçú - RJ&#10;CEP.: 26.295-117&#10;REPRESENTANTE: Sra. ROSILENE DE AGUIAR DOS SANTOS&#10;TEL: (21) 2881-6130&#10;E-MAIL: sebast.teixeira@gmail.com'),(143,'BAP DISTRIBUIDORA DE PRODUTOS ALIMENTÍCIOS LTDA','14.455.551/0001-54','ENDEREÇO: Rua Capitão Félix, 110 – Pavimento 02 Lj – 08, Rua 05 – Bl – “C” - Benfica&#10;CIDADE: Rio de Janeiro – RJ&#10;CEP.: 20.920-310&#10;REPRESENTANTE: Sro. BRUNO DIAS DE OLIVEIRA&#10;TEL: (21) 2589-7109&#10;E-MAIL: bapalimentos@globo.com'),(144,'SPL COMÉRCIO E SRVIÇOS EIRELE - ME','21.099.971/0001-00','ENDEREÇO: Rua Cosmorama, 600 – Sl 17 – Cosmorama – Mesquita&#10;CIDADE: Mesquita – RJ&#10;CEP.: 26.582-020&#10;REPRESENTANTE: Sr. PAULO ROBERTO VIANA DA ROCHA&#10;TEL: (21) 3589-3837 / (21) 96664-9210&#10;E-MAIL: fhvp@bol.com.br'),(145,'BH FOODS COMÉRCIO E INDÚSTRIA LTDA','02.973.358/0001-26','ENDEREÇO: RUA DO SOLDADO, No 730, GALPÃO 05, BAIRRO PEROBAS. CIDADE: Contagem&#10;ESTADO : Minas Gerais&#10;CEP.: 32.040-027&#10;REPRESENTANTE: Sro Carlos Lopes Carvente&#10;TEL: (31) 2129-8500 &#10;E-MAIL: pedidos.licitacao@gmail.cm'),(146,'MF2 COMPERCIO DE GÊNEROS ALIMENTÍCIOS LTDA','21.334.192/0001-42','ENDEREÇO: Rua Ipiaba 273 – Ilha do Governador– Rio de Janeiro - RJ CIDADE: Rio de Janeiro&#10;CEP.: 21.931-247&#10;REPRESENTANTE: Sr THIAGO MACEDO / FLÁVIA MACEDO&#10;TEL: (21) 2465-2505&#10;E-MAIL: comercial@mf2comercial.com.br'),(147,'COOPERATIVA DE LATICÍNIOS SELITA','27.178.359/0001-00','ENDEREÇO: Av. Aristides Campos 158 – Nova Brasília - ES&#10;CIDADE: Cachoeiro de Itapemirim&#10;CEP.: 29.300-903&#10;REPRESENTANTE: Sro ANA CRSITINA&#10;TEL. FAX: (21) 3565-5658&#10;E-MAIL: selitapedidos@gmail.com'),(148,'PACK COMÉRCIO DE PRODUTOS E SERVIÇOS EIRELI','00.424.684/0001-59','ENDEREÇO: Est. São Lourenço, 37 sala – 203 – Chácaras – Rio Petrópolis&#10;CIDADE: Duque de Caxias&#10;CEP.: 25.243-150&#10;REPRESENTANTE: Sra CÁSSIA FERNANDES&#10;TEL. FAX: (21) 2589-7926 / (21) 96417-0161&#10;E-MAIL: Pack.comercio@gmail.com'),(149,'BOÊLHE PESCADOS COMERCIAL LTDA','08.244.781/0001-71','ENDEREÇO: Rua da Regeneração no- 65 - Bonsucesso – Rio de Janeiro - RJ CIDADE: Rio de Janeiro&#10;CEP.: 21.040-170&#10;REPRESENTANTE: Sr José&#10;TEL: (21) 2270-1791&#10;E-MAIL: boelhe@boelhepescados.com.br'),(150,'ALIMENTARES SERVIÇOS DE TRANSPORTES COMERCIAL EIRELI','07.523.398/0001-90','ENDEREÇO: Rua Capitão Felix 110 – Rua 2 Loja 16 parte - Benfica&#10;CIDADE: Rio de Janeiro&#10;CEP: 20.920-310&#10;REPRESENTANTE: Sr Mario e Sra Márcia&#10;TEL: (21) 3860-2434&#10;E-MAIL: alimentares@veloxmail.com.br'),(151,'PHÊNIX COMÉRCIO E SERVIÇOS EM GERAL EIRELI - EPP','17.464.362/0001-36','ENDEREÇO: Rua Capitão Felix 110 – Rua 5 Loja 15A - Benfica&#10;CIDADE: Rio de Janeiro&#10;CEP.: 20.920-310&#10;REPRESENTANTE: Sra Jocélia Assumpção de Freitas&#10;TEL: (21) 3860-1983&#10;E-MAIL: phenixcomserv@gmail.com'),(152,'MAVE COMERCIO E SERVICOS EM GERAL LTDA','14.426.255/0001-25','RUA CAPITAO FELIX 101 - PAVILHAO 2 LOJA 06 RUA 05 BLOCO C - BENFICA - RIO DE JANEIRO - RJ - 20920-310, (21) 38600982 &#10;&#10;'),(153,'NOGUEIRA E RESENDE INDÚSTRIA DE LATICÍNIOS LTDA','04.892.455/0001-10','ENDEREÇO: Rodovia BR-040 – KM – 480 – S/No&#10;CIDADE: Sete Lagoas - MG&#10;CEP.: 35.702-372&#10;REPRESENTANTE: Sr Jorge Martins&#10;TEL: (21) 3565-5658&#10;E-MAIL: jmartinsrepresentacao@gmail.com'),(154,'NEO GIO COMÉRCIO DE ALIMENTOS LTDA - ME','24.567.499/0001-81','ENDEREÇO: Rua Teixeira de Freitas, 170 – loja – 01 - Fonseca&#10;CIDADE: Niterói - RJ&#10;CEP.: 24.130-616&#10;REPRESENTANTE: Sr Rodrigo Giovanini&#10;TEL: (21) 2705-9544&#10;E-MAIL: neogioltda@yahoo.com'),(155,'PREDILECTA ALIMENTOS LTDA','62.546.387/0001-33','ENDEREÇO: Vila Predilecta, no 50 – São Lourenço do Turvo -&#10;CIDADE: Matão - SP&#10;CEP.: 15.999-800&#10;REPRESENTANTE: Sr Luiz Antônio&#10;TEL: (16) 3383-2168&#10;E-MAIL: luiz@predilecta.com.br'),(156,'AS PALERMO SANTOS MATERIAL DE LIMPEZA ATACADO E VAREJO','14.404.282/0001-05','ENDEREÇO: Rua Rio de Janeiro, no 07 – Cabo Frio - RJ&#10;CIDADE: - Cabo Frio - RJ&#10;CEP.: 28.911-240&#10;REPRESENTANTE: Sr KATO&#10;TEL: (21) 98429-3639&#10;E-MAIL: kfruit@hotmail.com'),(157,'NACIONAL ALIMENTOS COMERCIO ATACADISTA LTDA - ME','16.885.541/0001-84','ENDEREÇO: RUA CARLOS SOUZA FERNANDES, 74 A&#10;CIDADE: - NILÓPOLIS - RJ&#10;CEP.: 26.545-000&#10;REPRESENTANTE: Sr DECIO DENIS&#10;TEL. FAX: (21) 3760-6667 / 2692-0462 &#10;E-MAIL: nacional.alimentos@yahoo.com'),(158,'COMERCIAL DREAN EIRELI - EPP','17.393.685/0001-86','ENDEREÇO: RUA DA SOJA, 67 A – PENHA CIRCULAR – MERCADO SÃO SEBASTIÃO&#10;CIDADE: - RIO DE JANEIRO - RJ&#10;CEP.: 21.011-100&#10;REPRESENTANTE: Sr ALAN SANTOS&#10;TEL. FAX: (21) 2584-3023&#10;E-MAIL: dreandistribuidora@gmail.com'),(159,'CLEAN INDÚSTRIA E COMÉCIO DE GELO LTDA','10.902.889/0001-56','ENDEREÇO: RUA CASTELO BRACO, 242 – PENHA CIRCULAR –&#10;CIDADE: - RIO DE JANEIRO - RJ&#10;CEP.: 21.012-100&#10;REPRESENTANTE: Sro MARCUS WELBY&#10;TEL. FAX: (21) 3836-3461 / 3570-3404&#10;E-MAIL: gelo.clean@gmail.com'),(160,'MC RIO COMÉRCIO DE ALIMENTOS LTDA','20.239.479/0001-20','ENDEREÇO: RUA MINISTRO MAVIGNIER 180 DEL CASTILHO&#10;CIDADE: - RIO DE JANEIRO - RJ&#10;CEP.: 20.760-070&#10;REPRESENTANTE: Sra ANA CRISTINA&#10;TEL. FAX: (21) 3145-6249&#10;E-MAIL: pedidosmcrio.marinha@gmail.com'),(161,'M.B. MARTINS AGROPECUÁRIA EPP','04.541.813/0001-40','ENDEREÇO: RUA CAPITÃO FÉLIX 110 - RUA&#10;CIDADE: - VOLTA REDONDA - RJ&#10;CEP.: 27.285412&#10;REPRESENTANTE: Sr HUMBERTO SÁVIO&#10;TEL. FAX: (24) 3212-2365&#10;E-MAIL: mblicita@outlook.com'),(162,'FORÇA UNIDA COMÉRCIO DE ALIMENTOS E DESCARTÁVEIS LTDA','13.024.866/0001-84','ENDEREÇO: RUA DESMONS, 59, COELHO NETO - RJ&#10;CIDADE: - Rio de Janeiro - RJ&#10;CEP.: 21.252-310&#10;TEL. FAX: (21) 3795-1520&#10;E-MAIL: forcaunida2011@yahoo.com.br'),(163,'EXITUS COMERCIAL PRODUTOS E SERVIÇOS LTDA - EPP','14.163.479/0001-91','ENDEREÇO: RUA CELSO EGÍDIO SOUSA SANTOS, 805, SALA 01 – Jd. Chapadão CIDADE: CAMPINAS – SÃO PAULO&#10;CEP.: 13070-057&#10;REPRESENTANTE: Sra CARMEN REGINA SPADACCIA&#10;TEL. FAX: (19) 3395-3580&#10;E-MAIL: exitus@exituscomercial.com'),(164,'ROJÃO COMERCIAL DE ALIMENTOS LTDA EPP','17.471.773/0001-59','ENDEREÇO: RUA GENERAL JACQUES OURIQUE, 548, PADRE MIGUEL CIDADE: Rio de Janeiro - RJ&#10;CEP.: 21720-540&#10;TEL. FAX: (21) 3228-3606 / 96961-6087&#10;E-MAIL: comrojao@gmail.com'),(165,'MARISOL COM. ATACADISTA DE ALIM. EM GERAL EIRELI - EPP','26.788.865/0001-58','ENDEREÇO: AVENIDA BRASIL, 19.001, PAVILHÃO 44, BOX 18, CEASA - IRAJÁ&#10;CIDADE: Rio de Janeiro - RJ&#10;CEP.: 21530-000&#10;REPRESENTANTE: ALINE DOS SANTOS KAMAROFF&#10;TEL. FAX: (21) 2473-2170&#10;E-MAIL: atendimento@marisolrj.com.br'),(166,'BRS COMÉRCIO E SERVIÇOS EIRELI-ME','26.957.841/0001-85','ENDEREÇO: AVENIDA DOS ITALIANOS, 282, Sala 09 – ROCHA MIRANDA&#10;CIDADE: Rio de Janeiro - RJ&#10;CEP.: 21.510-103&#10;REPRESENTANTE: BENEDITO RUFINO DOS SANTOS&#10;TEL. FAX: (21) 2241-4657&#10;E-MAIL: suprimixalimentos@gmail.com'),(167,'AREIA BRANCA COMÉRCIO E SERVIÇOS LTDA - EPP','11.924.595/0001-98','ENDEREÇO: Rua Capitão Félix 110, No 306 - BENFICA&#10;CIDADE: Rio de Janeiro - RJ&#10;CEP.: 20.920-310&#10;REPRESENTANTE: Sr. Carlos Alberto Pereira&#10;TEL. FAX: (21) 4109-6094&#10;E-MAIL: areiabranca.cs@gmail.com'),(168,'ISUPRY COMERCIAL E SERVIÇOS EIRELI - EPP','27.621.519/0001-43','ENDEREÇO: Rua Nicarágua, No 370 sala 104 - PENHA&#10;CIDADE: Rio de Janeiro - RJ CEP.: 21020-050&#10;REPRESENTANTE: THIAGO ROXO GOUVEIA&#10;TEL. FAX: (21) 2086-4851 / (21) 97043-2951&#10;E-MAIL: isupry.comercio@gmail.com'),(169,'SM DOS SANTOS OLIVEIRA HORTIFRUTI EIRELI - EPP','09.413.115/0001-82','ENDEREÇO: AV GOVERNADOR JANIO QUADROS 941 – VILA BATISTA&#10;CIDADE: CRUZEIRO - SP&#10;CEP.: 12720-000&#10;TEL. FAX: (12) 3145-3109&#10;E-MAIL: licitacao@grupovaleserv.com.br'),(170,'ANISA 2012 COMERCIO E SERVICOS LTDA - EPP','17.386.935/0001-50','ENDEREÇO: RUA ERASTOTENES FRAZÃO, No 73 LT 08 QD PA 33113 PARTE IRAJÁ&#10;CIDADE: RIO DE JANEIRO - RJ&#10;CEP.: 21231-140&#10;TEL. FAX: (21) 3253-0240&#10;E-MAIL: anisa2012comercio@outlook.com'),(171,'G.F.M COMÉRCIO E SERVIÇO EIRELI - ME','27.157.340/0001-87','ENDEREÇO: RUA FRANCISCO EUGÊNIO, 268, SALA 427 – SÃO CRISTOVÃO&#10;CIDADE: RIO DE JANEIRO - RJ&#10;CEP.: 20.941-120&#10;REPRESENTANTE: Sr. Eduardo Moreira&#10;TEL. FAX: (21) 9 8293-4332&#10;E-MAIL: gfmcomserv@gmail.com'),(172,'FABIO LIMA CLAUDIANO','20.644.744/0001-56','ENDEREÇO: RUA PROJETADA “C” S/N LOTE 05 QUADRA 03 – SANTA CRUZ DA SERRA&#10;CIDADE: DUQUE DE CAXIAS - RJ&#10;CEP.: 25.255-080&#10;REPRESENTANTE: Sr. Fábio Lima&#10;TEL. FAX: (21) 97959-8974 / 4128 - 1363&#10;E-MAIL: fabio.claudiano@hotmail.com'),(173,'EMPÓRIO ATACADISTA EG COMÉRCIO E REPRESENTAÇÕES - ELIRELI - EPP','25.331.743/0001-75','ENDEREÇO: Rua Capitão Felix no 110 - sala 409 - Benfica&#10;CIDADE: Rio de Janeiro - RJ&#10;CEP: 20.920-310&#10;REPRESENTANTE: Sra Marilene Muniz&#10;TEL. FAX: (21) 3145-6249&#10;E-MAIL: emporioatacvendas@gmail.com'),(174,'REAL CARNES INDÚSTRIA E COMÉRCIO DE CARNES LTDA','10.436.655/0001-60','ENDEREÇO: Rua da farinha no 985- Penha Circular&#10;CIDADE: Rio de Janeiro - RJ&#10;CEP.: 21.011-040&#10;REPRESENTANTE: Sra Marilene Muniz&#10;TEL. FAX: (21) 2589-0070 / (21) 3565-5658 / (21) 3145-6249&#10;E-MAIL: : jmartinsrepresentacao@gmail.com'),(175,'WIN DISTRIBUIDORA DE MATERIAIS E SEVIÇOS EIRELI','16.926.282/0001-92','ENDEREÇO: Av. das Américas, no 19.005 , torre 1 sala 828 – Recreio dos Bandeirantes&#10;CIDADE: Rio de Janeiro - RJ&#10;CEP.: 22.790-703&#10;REPRESENTANTE: Sra Ana Paula&#10;TEL. FAX: (21) 3420-2995 / (21) 9 9249-1722&#10;E-MAIL: : WINDISTRISERV@GMAIL.COM'),(176,'D.J RIO DISTRIBUIDORA DE ALIMENTOS E BEBIDAS LTDA','17.456.498/0001-02','ENDEREÇO: Estrada do Quafá no 39 - Bangu&#10;CIDADE: Rio de Janeiro - RJ&#10;CEP.: 21.853-050&#10;REPRESENTANTE: Sra Juliana Sabino&#10;TEL. FAX: (21) 3331-2075 / (21) 3399-5524&#10;E-MAIL: : pedidos@djrio.com.br / djriodistribuidora@globo.com'),(177,'CW SETE PAES EIRELE - ME','29.739.335/0001-08','ENDEREÇO: Avenida Dom Helder Câmara, no 25 - Benfica&#10;CIDADE: Rio de Janeiro - RJ&#10;CEP.: 20.911-290&#10;REPRESENTANTE: Sr. Washington Luiz Ramos Fraga&#10;TEL. FAX: (21) 3860-5382 / (21) 97217-4641&#10;E-MAIL: : cwsetepaes@gamil.com'),(178,'IRMÃOS SANTOS DIAS FRUTAS E LEGUMES LTDA','04.714.121/0001-56','ENDEREÇO: Rua Capitão Félix, 110 Rua 13, Loja 01 - Benfica&#10;CIDADE: Rio de Janeiro - RJ&#10;CEP.: 20.911-290&#10;REPRESENTANTE: Sr. José Paulo Dias dos Santos&#10;TEL. FAX: (21) 3860-7383&#10;E-MAIL: : irmaos.santosdias@bol.com.br'),(179,'COMERCIAL GULLES COMERCIO EIRELI','10.890.635/0001-65','ENDEREÇO: Rua Galvão, 148, Bloco 3 - Loja 106 - Barreto&#10;CIDADE: Niterói - RJ&#10;CEP.: 24.110-260&#10;REPRESENTANTE: Sr. Renan Guterres&#10;TEL. FAX: (21) 2628-0177&#10;E-MAIL: : gullesfinanceiro@gmail.com&#10;'),(180,'PROMEAL INDUSTRIA DE ALIMENTOS LTDA','33.613.727/0001-01','ENDEREÇO: AV NOSSA SENHORA DE COPACABANA 330, SAL 608, COPACABANA, RIO&#10;DE JANEIRO&#10;CIDADE: Rio de Janeiro - RJ&#10;CEP: 22.020-001&#10;REPRESENTANTE: Sra. CLAUDIA CANDIDO GOMES&#10;TEL. FAX: (21) 97007-4111&#10;E-MAIL: : contato@promeal.com.br'),(181,'SEMOG DISTRIBUIDORA DE ALIMENTOS LTDA','34.057.175/0001-57','ENDEREÇO: Rua Samin, 250 – Irajá - Rio De Janeiro&#10;CIDADE: Rio de Janeiro - RJ&#10;CEP.: 21.235-210&#10;REPRESENTANTE: Sra. SIMONE CUNHA DE SOUZA&#10;TEL. FAX: (21) 964271002 (21) 98680-9899&#10;E-MAIL: : semogdistribuidora@gmail.com'),(182,'FRANCINE GIANA GUIDO E CIA LTDA','28.094.497/0001-73','ENDEREÇO: Avenida Brasil 1085 CENTRO SfnfÃO - RS&#10;CIDADE: Rio de Janeiro - RJ&#10;CEP.: 21.235-210&#10;REPRESENTANTE: Sra. Francine Giana Guido&#10;TEL. FAX (54) 3345 -1796 ou (54) 3345-1830&#10;E-MAIL: cultivafinanceiro@hotmail.com'),(183,'NUTRE PLUS COMERCIAL ALIMENTOS EIRELI','11.428.542/0001-86','ENDEREÇO: Rua Capitão Félix, 110, Sl – 404 - BENFICA&#10;CIDADE: Rio de Janeiro - RJ&#10;CEP.: 20.920-310&#10;REPRESENTANTE: Sr Marcos Vinícius&#10;E-MAIL: marcus@nutre-plus.com.br'),(184,'LACTALIS DO BRASIL COM. IMP.EXP DE LATICÍNIOS LTDA','14.049.467/0027-70','ENDEREÇO: Rua Erno Dahmer no 687, bairro - Alegust, 110&#10;CIDADE: Teotônia - RS&#10;CEP: 95.890-000&#10;REPRESENTANTE: Sr Milton José Schuch&#10;E-MAIL: schuch.licitacoes@yahoo.com.br'),(185,'DISTRIBUIDORA DE GELO E BEBIDAS BOTAFOGO LTDA -ME','29.039.136/0001-97','ENDEREÇO: Rua Real grandeza nº 308 –Loja -C, bairro -Botafogo-Rio de Janeiro-RJ&#10;CEP.:22.281-036&#10;REPRESENTANTE: Srª  Aline Alves das Oliveiras &#10;TEL. (21) 98366-0003 &#10;E-MAIL: botafogoegelo@gmail.com'),(186,'FIEIS DA TERRA ATACADISTA LTDA','04.906.377/0001-65','Telefone: (21) 2450-2800/ (21) 2450-2786, R Nerval de Gouveia nº431, Cascadura, Rio de Janeiro, RJ'),(187,'CG COMERCIO ATACADISTA','36.245.543/0001-16','Telefone: (21) 9336-8049/ (21) 2665-7438, R ALVARO DE MAGALHAES Nº 325, JARDIM AMERICA, RIO DE JANEIRO, RJ '),(188,'PEIXE GOURMET IMPORTACAO E EXPORTACAO LTDA','14.798.308/0001-39','RUA DONA AMELIA LEUCHTENBERG, 87 - PONTA DA PRAIA - SANTOS -SP CEP: 11030-020'),(189,'Y V DOS SANTOS','26.605.589/0001-45','RUA URURAI, n 444, LOJA, BAIRRO COELHO NETO 21511-000 RJ&#10;Tel : (21) 7033-0312'),(190,'SUPPLY VITAL','12.762.591/0001-13','TEL: (21)3256-5878, ENDEREÇO: Rua Catanduva, 79 - Coelho Neto, RJ CEP: 21545-420'),(191,'SUPPLY VITAL LTDA','37.539.851/0001-17','Rua Catanduva, nº 79, Coelho Neto - Rio de Janeiro, RJ, (21) 3256-5878'),(192,'COMAX COMERCIO DE ALIMENTOS LTDA','74.116.898/0001-02','R. Dias Raposo, 77 - Ramos, Rio de Janeiro - RJ, 21031-140&#10;RAMOS, RIO DE JANEIRO, RJ&#10;&#10;Telefone&#10;21 2580-2853&#10;E-MAIL&#10;maxvila2004@yahoo.com.br'),(193,'MK POLPAS E SUCOS LTDA.','35.841.682/0001-40','Endereço&#10;Estrada de Sao Vicente&#10;CEP: 28.970-000&#10;Número: 1120&#10;Bairro: Monteiros&#10;Município: Araruama&#10;UF: RJ&#10; (21) 9643-7795&#10;baldezkato@gmail.com&#10;'),(194,'MARIZA INDUSTRIA E COMERCIO DE ALIMENTOS LTDA','01.773.117/0001-70','Logradouro: ROD br 316&#10;Número: S/N&#10; Complemento: KM 62&#10;Bairro: Titanlandia&#10;Município: Castanhal&#10;UF: PA&#10;CEP: 68.741-740&#10;Telefone: (91) 3412-2100&#10;contabil@marizafoods.com.br'),(195,'SUPRY OFFICE DISTRIBUIDORA DE MATERIAIS E SERVIÇOS LTDA','18.593.064/0640-00','Av. Gomes Freire, 647 - Santa Teresa, Rio de Janeiro - RJ, 20231-014&#10;Telefone: (21) 2224-8175/ (21) 2531-7690&#10; E-mail: supryoffice@gmail.com'),(196,'N S APARECIDA DISTRIBUIDORA DE PRODUTOS ALIMENTICIOS','35.385.417/0001-02','Rua Cruz e Souza - Encantado - Rio de Janeiro - RJ - 25966-055, email - thiagooliveirarj84@gmail.com, (21)964029210'),(197,'ATL COMERCIO E SERVICOS EIRELI','32.457.007/0001-23','Logradouro: Estrada Pau Ferro, 01218&#10;Complemento: Sal 0605&#10;Bairro: Freguesia (Jacarepagua)&#10;CEP: 22745-056&#10;Município: Rio de Janeiro&#10;Estado: Rio de Janeiro&#10;&#10;Email: atlempresa@gmail.com&#10;Tel: (21) 96411-0641'),(198,'FERMENTO GOOD INSTANT LTDA','03.644.180/0001-32','RODOVIA ERS 130, 5500&#10;JARDIM DO CEDRO&#10;LAJEADO | RS&#10;CEP 95900-010&#10;&#10;EMAIL: bruxel@itrs.com.br&#10;TEL: (51) 3714-1258&#10;'),(199,'SVB COMERCIO DE PRODUTOS EM GERAL EIRELI','33.025.449/0001-63','Logradouro: Alberico Diniz, 01555&#10;Bairro: Jardim Sulacap&#10;CEP: 21741-110&#10;Município: Rio de Janeiro&#10;Estado: Rio de Janeiro&#10;&#10;E-mail: niserg@hotmail.com&#10;Telefone(s):&#10;(21) 98474-3113 &#10;(21) 3358-3114'),(200,'FORTE AFONSOS DISTRIBUIDORA DE ALIMENTOS EIRELI','26.361.172/0001-84','RUA CAPITAO FELIX, 110&#10;PAVLH 2 LOJ 17 RUA 5 BLC D - BENFICA&#10;CEP: 20920-310&#10;&#10;TEL:(21) 2585-6363'),(201,'LOY COMERCIO DE ALIMENTOS HORTIFRUTI EIRELI','22.923.443/0001-97','Logradouro: Ana Neri, 01009&#10;Bairro: Rocha&#10;CEP: 20960-006&#10;Município: Rio de Janeiro&#10;Estado: Rio de Janeiro&#10;&#10;Tel: (21) 3040-0026'),(202,'VISIONARIA COMERCIO E SERVICOS EM GERAL LTDA','09.211.999/0001-92','RUA CAPITAO FELIX, 00110&#10;PAV 2 LOJ 20 RUA 3 BLC D - BENFICA&#10;CEP: 20920-900&#10;&#10;Tel: (21) 4101-6916 | (21) 4101-6916&#10;'),(203,'COMERCIAL DELLA COSTA 110 LTDA','04.325.483/0001-55','Logradouro: Capitao Felix, 110&#10;Complemento: Rua 3, Lojas 7 e 9&#10;Bairro: Benfica&#10;CEP: 20920-310&#10;Município: Rio de Janeiro&#10;Estado: Rio de Janeiro&#10;&#10;Tel:(21) 3860-4921&#10;      (21) 3878-2237&#10;'),(204,'MR ALIMENTOS SAUDAVEIS LTDA','22.077.561/0001-21','Logradouro: Francisco Xavier da Silva, 1092&#10;Complemento: Slj Sobreloja&#10;Bairro: Jardim Silvino&#10;CEP: 86188-040&#10;Município: Cambé&#10;Estado: Paraná&#10;&#10;Tel:(43) 3154-7133'),(205,'P G B GOMES','14.612.989/0001-07','Logradouro: Segunda, S/n&#10;Complemento: Quadra I Lote 20&#10;Bairro: Santa Lidia&#10;CEP: 68740-005&#10;Município: Castanhal&#10;Estado: Pará&#10;&#10;E-mail: nutrinpolpas@outlook.com &#10;Telefone(s):&#10;(91) 99149-8900 '),(206,'RIOFRIO ','27.538.635/0001-01','Riofrio Mais Alimentos Importacao Eireli&#10;Arthur Antonio Sendas S/n Lote 33 Quadra14&#10;Parque Analandia&#10;São João de Meriti RJ&#10;25585-000&#10;&#10;Telefone:&#10;(21) 2757-5710'),(207,'SUPERMERCADOS CELEIRO LTDA','07.678.203/0001-80','Estrada do Caminho n° 04105, CEP: 23068-033, Cosmo, Rio de Janeiro, RJ. &#10;TEL: (21) 31086715&#10;E-mail: dp1.redeconomia@hotmail.com'),(208,'NUTRI ALIMENTOS DE NILOPOLIS COMERCIO ATACADISTA EIRELI','11.074.537/0001-12','Rua Carlos de Sousa Fernandes N:74 &#10;CEP: 26.545-000 &#10;TEL: (21) 26692522 e (21) 97217-7392&#10;Bairro: Olinda &#10;Município: Nilópolis&#10; '),(209,'COSTA SUL PESCADO ','81.599.359/0001-29','Rua Prefeito Manoel Evaldo Muller, 2827 / Machados CEP: 88371-600, Navegantes, Santa Catarina.&#10;E-mail: contato@alfaconcontabilidade.com.br&#10;&#10;(47) 2103-3000&#10;(47) 3424-422&#10;(47) 2122-7748');
/*!40000 ALTER TABLE `suppliers` ENABLE KEYS */;
UNLOCK TABLES;

--
-- Table structure for table `users_login`
--

DROP TABLE IF EXISTS `users_login`;
/*!40101 SET @saved_cs_client     = @@character_set_client */;
/*!50503 SET character_set_client = utf8mb4 */;
CREATE TABLE `users_login` (
  `id` int(11) NOT NULL AUTO_INCREMENT,
  `username` varchar(88) NOT NULL,
  `password` varchar(60) NOT NULL,
  `name` varchar(13) NOT NULL,
  `email` varchar(108) DEFAULT NULL,
  `level` tinyint(4) NOT NULL,
  `change_password` tinyint(4) DEFAULT '1',
  `created_at` datetime DEFAULT NULL,
  `updated_at` datetime DEFAULT NULL,
  `isActive` tinyint(4) DEFAULT NULL,
  `oms_id` int(11) NOT NULL,
  PRIMARY KEY (`id`),
  KEY `fk_users_login_oms_idx` (`oms_id`),
  CONSTRAINT `fk_users_login_oms` FOREIGN KEY (`oms_id`) REFERENCES `oms` (`id`)
) ENGINE=InnoDB AUTO_INCREMENT=2 DEFAULT CHARSET=utf8;
/*!40101 SET character_set_client = @saved_cs_client */;

--
-- Dumping data for table `users_login`
--

LOCK TABLES `users_login` WRITE;
/*!40000 ALTER TABLE `users_login` DISABLE KEYS */;
INSERT INTO `users_login` VALUES (1,'administrator','$2y$11$gQNC3HGp7t5/Bd7xSY/D0.82OOaEUv2zxSoQeP5TMSNhySs1zAOf6','Administrator','admin1@test.com',1,1,'2022-06-15 00:00:00','2022-07-26 10:30:49',1,1);
/*!40000 ALTER TABLE `users_login` ENABLE KEYS */;
UNLOCK TABLES;
/*!40103 SET TIME_ZONE=@OLD_TIME_ZONE */;

/*!40101 SET SQL_MODE=@OLD_SQL_MODE */;
/*!40014 SET FOREIGN_KEY_CHECKS=@OLD_FOREIGN_KEY_CHECKS */;
/*!40014 SET UNIQUE_CHECKS=@OLD_UNIQUE_CHECKS */;
/*!40101 SET CHARACTER_SET_CLIENT=@OLD_CHARACTER_SET_CLIENT */;
/*!40101 SET CHARACTER_SET_RESULTS=@OLD_CHARACTER_SET_RESULTS */;
/*!40101 SET COLLATION_CONNECTION=@OLD_COLLATION_CONNECTION */;
/*!40111 SET SQL_NOTES=@OLD_SQL_NOTES */;

-- Dump completed on 2022-07-28  5:59:26
